{"cameraMode":{"drawMode":0,"name":"Shaded","section":"Shading Mode"},"sceneLighting":false,"audioPlay":false,"sceneViewState":{"showFog":true,"showMaterialUpdate":false,"showSkybox":false,"showFlares":true,"showImageEffects":true,"showParticleSystems":true},"in2DMode":false,"pivot":{"x":1.1920928955078126e-7,"y":0.0,"z":0.03877616673707962},"rotation":{"x":0.08728428930044174,"y":-0.88443523645401,"z":0.1838023066520691,"w":0.42008379101753237},"size":1.3900399208068848,"orthographic":false}