{"cameraMode":{"drawMode":0,"name":"Shaded","section":"Shading Mode"},"sceneLighting":false,"audioPlay":false,"sceneViewState":{"showFog":true,"showMaterialUpdate":false,"showSkybox":false,"showFlares":true,"showImageEffects":true,"showParticleSystems":true},"in2DMode":false,"pivot":{"x":-0.7126966714859009,"y":-0.038600414991378787,"z":0.23134231567382813},"rotation":{"x":0.3557744324207306,"y":-0.02722211368381977,"z":0.010359772481024266,"w":0.9341331124305725},"size":8.961700439453125,"orthographic":false}