{"cameraMode":{"drawMode":0,"name":"Shaded","section":"Shading Mode"},"sceneLighting":false,"audioPlay":false,"sceneViewState":{"showFog":true,"showMaterialUpdate":false,"showSkybox":false,"showFlares":true,"showImageEffects":true,"showParticleSystems":true},"in2DMode":false,"pivot":{"x":10.925285339355469,"y":-4.596742630004883,"z":13.44369125366211},"rotation":{"x":0.05161360278725624,"y":0.9466410279273987,"z":0.1934729516506195,"w":-0.2525402903556824},"size":6.382291316986084,"orthographic":false}