{"cameraMode":{"drawMode":0,"name":"Shaded","section":"Shading Mode"},"sceneLighting":false,"audioPlay":false,"sceneViewState":{"showFog":true,"showMaterialUpdate":false,"showSkybox":false,"showFlares":true,"showImageEffects":true,"showParticleSystems":true},"in2DMode":false,"pivot":{"x":15.571496963500977,"y":3.4501471519470217,"z":23.583683013916017},"rotation":{"x":-0.01453118771314621,"y":0.9249085187911987,"z":-0.035532161593437198,"w":-0.3782470226287842},"size":31.917911529541017,"orthographic":false}