{"cameraMode":{"drawMode":0,"name":"Shaded","section":"Shading Mode"},"sceneLighting":false,"audioPlay":false,"sceneViewState":{"showFog":true,"showMaterialUpdate":false,"showSkybox":false,"showFlares":true,"showImageEffects":true,"showParticleSystems":true},"in2DMode":false,"pivot":{"x":-56.57452392578125,"y":-3.2210235595703127,"z":8.219562530517579},"rotation":{"x":0.09806091338396073,"y":-0.8658773899078369,"z":0.4534270167350769,"w":0.18725396692752839},"size":76.43785858154297,"orthographic":false}