{"cameraMode":{"drawMode":0,"name":"Shaded","section":"Shading Mode"},"sceneLighting":false,"audioPlay":false,"sceneViewState":{"showFog":true,"showMaterialUpdate":false,"showSkybox":false,"showFlares":true,"showImageEffects":true,"showParticleSystems":true},"in2DMode":false,"pivot":{"x":14.870424270629883,"y":1.0316834449768067,"z":0.46317052841186526},"rotation":{"x":0.1228545680642128,"y":0.8768360018730164,"z":-0.3160005509853363,"w":0.34089580178260805},"size":4.659807205200195,"orthographic":false}