{"cameraMode":{"drawMode":0,"name":"Shaded","section":"Shading Mode"},"sceneLighting":false,"audioPlay":false,"sceneViewState":{"showFog":true,"showMaterialUpdate":false,"showSkybox":false,"showFlares":true,"showImageEffects":true,"showParticleSystems":true},"in2DMode":false,"pivot":{"x":-59.95499801635742,"y":6.087116241455078,"z":-0.030229568481445314},"rotation":{"x":-0.003484613262116909,"y":-0.8907011151313782,"z":0.4545764625072479,"w":-0.007024237420409918},"size":269.7016906738281,"orthographic":false}