{"cameraMode":{"drawMode":0,"name":"Shaded","section":"Shading Mode"},"sceneLighting":true,"audioPlay":false,"sceneViewState":{"showFog":true,"showMaterialUpdate":false,"showSkybox":false,"showFlares":true,"showImageEffects":true,"showParticleSystems":true},"in2DMode":false,"pivot":{"x":-40.8900260925293,"y":-0.3705596923828125,"z":-0.9530537128448486},"rotation":{"x":0.28279155492782595,"y":0.6274765729904175,"z":-0.26233789324760439,"w":0.6763922572135925},"size":40.161895751953128,"orthographic":false}