{"cameraMode":{"drawMode":0,"name":"Shaded","section":"Shading Mode"},"sceneLighting":false,"audioPlay":false,"sceneViewState":{"showFog":true,"showMaterialUpdate":false,"showSkybox":false,"showFlares":true,"showImageEffects":true,"showParticleSystems":true},"in2DMode":false,"pivot":{"x":25.009300231933595,"y":-24.60053825378418,"z":13.727811813354493},"rotation":{"x":0.19875922799110413,"y":0.5538398027420044,"z":-0.13817833364009858,"w":0.7966577410697937},"size":88.06378173828125,"orthographic":false}