{"cameraMode":{"drawMode":0,"name":"Shaded","section":"Shading Mode"},"sceneLighting":false,"audioPlay":false,"sceneViewState":{"showFog":true,"showMaterialUpdate":false,"showSkybox":false,"showFlares":true,"showImageEffects":true,"showParticleSystems":true},"in2DMode":false,"pivot":{"x":-54.37382507324219,"y":-11.88555908203125,"z":-10.608718872070313},"rotation":{"x":0.46302899718284609,"y":0.41864556074142458,"z":-0.26357796788215639,"w":0.7354371547698975},"size":379.21527099609377,"orthographic":false}