{"cameraMode":{"drawMode":0,"name":"Shaded","section":"Shading Mode"},"sceneLighting":false,"audioPlay":false,"sceneViewState":{"showFog":true,"showMaterialUpdate":false,"showSkybox":false,"showFlares":true,"showImageEffects":true,"showParticleSystems":true},"in2DMode":false,"pivot":{"x":1.1920928955078126e-7,"y":0.16294029355049134,"z":0.0},"rotation":{"x":-0.41625967621803286,"y":-0.22924350202083589,"z":0.10930215567350388,"w":-0.873069703578949},"size":7.308016300201416,"orthographic":false}