{"cameraMode":{"drawMode":0,"name":"Shaded","section":"Shading Mode"},"sceneLighting":false,"audioPlay":false,"sceneViewState":{"showFog":true,"showMaterialUpdate":false,"showSkybox":false,"showFlares":true,"showImageEffects":true,"showParticleSystems":true},"in2DMode":false,"pivot":{"x":0.0000021457672119140627,"y":-0.11545470356941223,"z":0.03979072347283363},"rotation":{"x":0.08728428930044174,"y":-0.88443523645401,"z":0.1838023066520691,"w":0.42008379101753237},"size":1.6369431018829346,"orthographic":false}