{"cameraMode":{"drawMode":0,"name":"Shaded","section":"Shading Mode"},"sceneLighting":false,"audioPlay":false,"sceneViewState":{"showFog":true,"showMaterialUpdate":false,"showSkybox":false,"showFlares":true,"showImageEffects":true,"showParticleSystems":true},"in2DMode":false,"pivot":{"x":-0.017230749130249025,"y":0.5098108053207398,"z":1.3254873752593995},"rotation":{"x":-0.3872418701648712,"y":-0.3671218454837799,"z":0.17167194187641145,"w":-0.8281403183937073},"size":33.227970123291019,"orthographic":false}