{"cameraMode":{"drawMode":0,"name":"Shaded","section":"Shading Mode"},"sceneLighting":false,"audioPlay":false,"sceneViewState":{"showFog":true,"showMaterialUpdate":false,"showSkybox":false,"showFlares":true,"showImageEffects":true,"showParticleSystems":true},"in2DMode":false,"pivot":{"x":0.010622680187225342,"y":0.3116337060928345,"z":-0.3317602872848511},"rotation":{"x":-0.4117591679096222,"y":-0.5091167688369751,"z":0.30269527435302737,"w":-0.6925646066665649},"size":1.4982013702392579,"orthographic":false}