{"cameraMode":{"drawMode":0,"name":"Shaded","section":"Shading Mode"},"sceneLighting":true,"audioPlay":false,"sceneViewState":{"showFog":true,"showMaterialUpdate":false,"showSkybox":false,"showFlares":true,"showImageEffects":true,"showParticleSystems":true},"in2DMode":false,"pivot":{"x":6.469999313354492,"y":6.1399993896484379,"z":5.6100006103515629},"rotation":{"x":-0.04940708354115486,"y":0.9496972560882568,"z":-0.23879759013652802,"w":-0.19649381935596467},"size":40.010372161865237,"orthographic":false}