{"cameraMode":{"drawMode":0,"name":"Shaded","section":"Shading Mode"},"sceneLighting":false,"audioPlay":false,"sceneViewState":{"showFog":true,"showMaterialUpdate":false,"showSkybox":false,"showFlares":true,"showImageEffects":true,"showParticleSystems":true},"in2DMode":false,"pivot":{"x":2.8106420040130617,"y":0.8284939527511597,"z":1.2472257614135743},"rotation":{"x":0.12046849727630615,"y":-0.8795264959335327,"z":0.32686495780944826,"w":0.32416027784347536},"size":4.252255439758301,"orthographic":false}