{"cameraMode":{"drawMode":0,"name":"Shaded","section":"Shading Mode"},"sceneLighting":false,"audioPlay":false,"sceneViewState":{"showFog":true,"showMaterialUpdate":false,"showSkybox":false,"showFlares":true,"showImageEffects":true,"showParticleSystems":true},"in2DMode":false,"pivot":{"x":2.608464241027832,"y":0.612795352935791,"z":2.8708715438842775},"rotation":{"x":-0.39570173621177676,"y":0.23434019088745118,"z":-0.10516905039548874,"w":-0.8817279934883118},"size":8.24718189239502,"orthographic":false}