{"cameraMode":{"drawMode":0,"name":"Shaded","section":"Shading Mode"},"sceneLighting":false,"audioPlay":false,"sceneViewState":{"showFog":true,"showMaterialUpdate":false,"showSkybox":false,"showFlares":true,"showImageEffects":true,"showParticleSystems":true},"in2DMode":false,"pivot":{"x":-17.742958068847658,"y":-29.086259841918947,"z":-1.0428733825683594},"rotation":{"x":0.3270878493785858,"y":-0.6277170777320862,"z":0.32825738191604617,"w":0.6254854202270508},"size":43.71875,"orthographic":false}