{"cameraMode":{"drawMode":0,"name":"Shaded","section":"Shading Mode"},"sceneLighting":false,"audioPlay":false,"sceneViewState":{"showFog":true,"showMaterialUpdate":false,"showSkybox":false,"showFlares":true,"showImageEffects":true,"showParticleSystems":true},"in2DMode":false,"pivot":{"x":12.493529319763184,"y":2.904273748397827,"z":1.426868200302124},"rotation":{"x":0.2592999041080475,"y":-0.6923320889472961,"z":0.2970724403858185,"w":0.6043076515197754},"size":0.00005634145418298431,"orthographic":false}