{"cameraMode":{"drawMode":0,"name":"Shaded","section":"Shading Mode"},"sceneLighting":false,"audioPlay":false,"sceneViewState":{"showFog":true,"showMaterialUpdate":false,"showSkybox":false,"showFlares":true,"showImageEffects":true,"showParticleSystems":true},"in2DMode":false,"pivot":{"x":13.027146339416504,"y":1.9778308868408204,"z":0.9138841032981873},"rotation":{"x":-0.26251205801963808,"y":0.17704662680625916,"z":-0.049065541476011279,"w":-0.9472774267196655},"size":0.00005634145418298431,"orthographic":false}