{"cameraMode":{"drawMode":0,"name":"Shaded","section":"Shading Mode"},"sceneLighting":false,"audioPlay":false,"sceneViewState":{"showFog":true,"showMaterialUpdate":false,"showSkybox":true,"showFlares":true,"showImageEffects":true,"showParticleSystems":true},"in2DMode":false,"pivot":{"x":0.0,"y":1.6805709600448609,"z":-0.7775195837020874},"rotation":{"x":-0.0064933630637824539,"y":-0.9743037819862366,"z":0.22335593402385713,"w":-0.02832425758242607},"size":9.277139663696289,"orthographic":false}