{"cameraMode":{"drawMode":0,"name":"Shaded","section":"Shading Mode"},"sceneLighting":true,"audioPlay":false,"sceneViewState":{"showFog":true,"showMaterialUpdate":false,"showSkybox":false,"showFlares":true,"showImageEffects":true,"showParticleSystems":true},"in2DMode":false,"pivot":{"x":-0.02025681734085083,"y":-0.46965813636779787,"z":9.209263801574707},"rotation":{"x":-0.09223075956106186,"y":-0.02778555452823639,"z":0.0025749520864337684,"w":-0.9953490495681763},"size":13.277581214904786,"orthographic":false}