{"cameraMode":{"drawMode":0,"name":"Shaded","section":"Shading Mode"},"sceneLighting":false,"audioPlay":false,"sceneViewState":{"showFog":true,"showMaterialUpdate":false,"showSkybox":false,"showFlares":true,"showImageEffects":true,"showParticleSystems":true},"in2DMode":false,"pivot":{"x":490.0953063964844,"y":412.1651306152344,"z":438.875244140625},"rotation":{"x":0.025496693328022958,"y":0.0068958718329668049,"z":-0.00017583140288479626,"w":0.9996527433395386},"size":1058.59814453125,"orthographic":false}