{"cameraMode":{"drawMode":0,"name":"Shaded","section":"Shading Mode"},"sceneLighting":true,"audioPlay":false,"sceneViewState":{"showFog":true,"showMaterialUpdate":false,"showSkybox":false,"showFlares":true,"showImageEffects":true,"showParticleSystems":true},"in2DMode":false,"pivot":{"x":-89.81876373291016,"y":16.513442993164064,"z":84.6805191040039},"rotation":{"x":-0.0068244729191064838,"y":-0.9531274437904358,"z":0.3020542562007904,"w":-0.0211575198918581},"size":22.0,"orthographic":false}