{"cameraMode":{"drawMode":0,"name":"Shaded","section":"Shading Mode"},"sceneLighting":false,"audioPlay":false,"sceneViewState":{"showFog":true,"showMaterialUpdate":false,"showSkybox":false,"showFlares":true,"showImageEffects":true,"showParticleSystems":true},"in2DMode":false,"pivot":{"x":0.11427783966064453,"y":1.4564440250396729,"z":1.7855565547943116},"rotation":{"x":0.28072771430015566,"y":-0.5405281782150269,"z":0.19758209586143495,"w":0.7681676745414734},"size":4.692112445831299,"orthographic":false}