{"cameraMode":{"drawMode":0,"name":"Shaded","section":"Shading Mode"},"sceneLighting":false,"audioPlay":false,"sceneViewState":{"showFog":true,"showMaterialUpdate":false,"showSkybox":false,"showFlares":true,"showImageEffects":true,"showParticleSystems":true},"in2DMode":false,"pivot":{"x":9.323116302490235,"y":0.22253131866455079,"z":8.456787109375},"rotation":{"x":-0.08674751222133637,"y":-0.5840720534324646,"z":0.06296847760677338,"w":-0.8045978546142578},"size":21.26652717590332,"orthographic":false}