{"cameraMode":{"drawMode":0,"name":"Shaded","section":"Shading Mode"},"sceneLighting":false,"audioPlay":false,"sceneViewState":{"showFog":true,"showMaterialUpdate":false,"showSkybox":false,"showFlares":true,"showImageEffects":true,"showParticleSystems":true},"in2DMode":false,"pivot":{"x":-5.0,"y":12.80000114440918,"z":-11.370001792907715},"rotation":{"x":0.2854347229003906,"y":0.12177606672048569,"z":-0.036591384559869769,"w":0.9499256014823914},"size":43.718753814697269,"orthographic":false}