{"cameraMode":{"drawMode":0,"name":"Shaded","section":"Shading Mode"},"sceneLighting":false,"audioPlay":false,"sceneViewState":{"showFog":true,"showMaterialUpdate":false,"showSkybox":false,"showFlares":true,"showImageEffects":true,"showParticleSystems":true},"in2DMode":false,"pivot":{"x":648.7719116210938,"y":18.14999771118164,"z":484.8855895996094},"rotation":{"x":-0.009164725430309773,"y":0.9854127168655396,"z":-0.16043856739997865,"w":-0.05624447762966156},"size":5.486796855926514,"orthographic":false}