{"cameraMode":{"drawMode":0,"name":"Shaded","section":"Shading Mode"},"sceneLighting":false,"audioPlay":false,"sceneViewState":{"showFog":true,"showMaterialUpdate":false,"showSkybox":false,"showFlares":true,"showImageEffects":true,"showParticleSystems":true},"in2DMode":false,"pivot":{"x":7.789999961853027,"y":0.029999971389770509,"z":-3.559999942779541},"rotation":{"x":-0.004406682215631008,"y":0.20258595049381257,"z":0.0009116417495533824,"w":0.9792542457580566},"size":3.4697670936584474,"orthographic":true}