{"cameraMode":{"drawMode":0,"name":"Shaded","section":"Shading Mode"},"sceneLighting":false,"audioPlay":false,"sceneViewState":{"showFog":true,"showMaterialUpdate":false,"showSkybox":false,"showFlares":true,"showImageEffects":true,"showParticleSystems":true},"in2DMode":false,"pivot":{"x":-0.32756608724594118,"y":0.9897862672805786,"z":0.7678036689758301},"rotation":{"x":0.25022992491722109,"y":0.20434801280498506,"z":-0.05411967635154724,"w":0.9448274374008179},"size":2.400057077407837,"orthographic":false}