{"cameraMode":{"drawMode":0,"name":"Shaded","section":"Shading Mode"},"sceneLighting":false,"audioPlay":false,"sceneViewState":{"showFog":true,"showMaterialUpdate":false,"showSkybox":false,"showFlares":true,"showImageEffects":true,"showParticleSystems":true},"in2DMode":false,"pivot":{"x":-0.00001424551010131836,"y":0.46761322021484377,"z":0.013339519500732422},"rotation":{"x":0.11163822561502457,"y":-0.8715013265609741,"z":0.23360995948314668,"w":0.4164738357067108},"size":3.878885507583618,"orthographic":false}