{"cameraMode":{"drawMode":0,"name":"Shaded","section":"Shading Mode"},"sceneLighting":true,"audioPlay":false,"sceneViewState":{"showFog":true,"showMaterialUpdate":false,"showSkybox":false,"showFlares":true,"showImageEffects":true,"showParticleSystems":true},"in2DMode":false,"pivot":{"x":13.130000114440918,"y":8.75039291381836,"z":12.202362060546875},"rotation":{"x":0.10327126830816269,"y":-0.847926914691925,"z":0.17939457297325135,"w":0.48807185888290408},"size":65.9422378540039,"orthographic":false}