{"cameraMode":{"drawMode":0,"name":"Shaded","section":"Shading Mode"},"sceneLighting":false,"audioPlay":false,"sceneViewState":{"showFog":true,"showMaterialUpdate":false,"showSkybox":false,"showFlares":true,"showImageEffects":true,"showParticleSystems":true},"in2DMode":false,"pivot":{"x":0.013749390840530396,"y":0.0,"z":1.1175870895385743e-8},"rotation":{"x":-0.22744350135326386,"y":-0.5867403149604797,"z":0.17630428075790406,"w":-0.7569270133972168},"size":2.576505184173584,"orthographic":false}