{"cameraMode":{"drawMode":0,"name":"Shaded","section":"Shading Mode"},"sceneLighting":false,"audioPlay":false,"sceneViewState":{"showFog":true,"showMaterialUpdate":false,"showSkybox":false,"showFlares":true,"showImageEffects":true,"showParticleSystems":true},"in2DMode":false,"pivot":{"x":-7.085145950317383,"y":-3.9223804473876955,"z":-40.56008529663086},"rotation":{"x":-0.2591830790042877,"y":-0.6724230051040649,"z":0.273576021194458,"w":-0.6370468139648438},"size":29.454679489135743,"orthographic":false}