{"cameraMode":{"drawMode":0,"name":"Shaded","section":"Shading Mode"},"sceneLighting":false,"audioPlay":false,"sceneViewState":{"showFog":true,"showMaterialUpdate":false,"showSkybox":false,"showFlares":true,"showImageEffects":true,"showParticleSystems":true},"in2DMode":false,"pivot":{"x":629.899169921875,"y":17.01897430419922,"z":670.562255859375},"rotation":{"x":-0.009164725430309773,"y":0.9854127168655396,"z":-0.16043856739997865,"w":-0.05624447762966156},"size":19.37269401550293,"orthographic":false}