{"cameraMode":{"drawMode":0,"name":"Shaded","section":"Shading Mode"},"sceneLighting":true,"audioPlay":false,"sceneViewState":{"showFog":true,"showMaterialUpdate":false,"showSkybox":true,"showFlares":true,"showImageEffects":true,"showParticleSystems":true},"in2DMode":false,"pivot":{"x":-45.8867301940918,"y":-25.983888626098634,"z":-3.387521266937256},"rotation":{"x":0.30710917711257937,"y":-0.6599476933479309,"z":0.3405606150627136,"w":0.5951266884803772},"size":62.574951171875,"orthographic":false}