{"cameraMode":{"drawMode":0,"name":"Shaded","section":"Shading Mode"},"sceneLighting":false,"audioPlay":false,"sceneViewState":{"showFog":true,"showMaterialUpdate":false,"showSkybox":false,"showFlares":true,"showImageEffects":true,"showParticleSystems":true},"in2DMode":false,"pivot":{"x":-3.172276496887207,"y":8.682999610900879,"z":5.443072319030762},"rotation":{"x":0.19318857789039613,"y":-0.7347895503044128,"z":0.23416729271411897,"w":0.6067856550216675},"size":43.95505142211914,"orthographic":false}