{"cameraMode":{"drawMode":0,"name":"Shaded","section":"Shading Mode"},"sceneLighting":true,"audioPlay":false,"sceneViewState":{"showFog":true,"showMaterialUpdate":false,"showSkybox":false,"showFlares":true,"showImageEffects":true,"showParticleSystems":true},"in2DMode":false,"pivot":{"x":-91.87100219726563,"y":18.964000701904298,"z":88.84700012207031},"rotation":{"x":0.3882701098918915,"y":0.6090427041053772,"z":0.4534848928451538,"w":-0.5225534439086914},"size":2.520289897918701,"orthographic":false}