{"cameraMode":{"drawMode":0,"name":"Shaded","section":"Shading Mode"},"sceneLighting":true,"audioPlay":false,"sceneViewState":{"showFog":true,"showMaterialUpdate":false,"showSkybox":false,"showFlares":true,"showImageEffects":true,"showParticleSystems":true},"in2DMode":false,"pivot":{"x":-59.95499801635742,"y":8.83106803894043,"z":-0.030229568481445314},"rotation":{"x":0.23826292157173158,"y":-0.7135467529296875,"z":0.28657326102256777,"w":0.5932624340057373},"size":56.101593017578128,"orthographic":false}