{"cameraMode":{"drawMode":0,"name":"Shaded","section":"Shading Mode"},"sceneLighting":true,"audioPlay":false,"sceneViewState":{"showFog":true,"showMaterialUpdate":false,"showSkybox":false,"showFlares":true,"showImageEffects":true,"showParticleSystems":true},"in2DMode":false,"pivot":{"x":-31.228395462036134,"y":2.09999942779541,"z":-2.618941307067871},"rotation":{"x":0.21109363436698914,"y":-0.7461731433868408,"z":0.2777975797653198,"w":0.5670043230056763},"size":146.89462280273438,"orthographic":false}