{"cameraMode":{"drawMode":0,"name":"Shaded","section":"Shading Mode"},"sceneLighting":true,"audioPlay":false,"sceneViewState":{"showFog":true,"showMaterialUpdate":false,"showSkybox":false,"showFlares":true,"showImageEffects":true,"showParticleSystems":true},"in2DMode":false,"pivot":{"x":9.875212669372559,"y":-1.0508579015731812,"z":2.2785608768463136},"rotation":{"x":-0.08646544814109802,"y":-0.615966260433197,"z":0.0682791993021965,"w":-0.7800335884094238},"size":13.277581214904786,"orthographic":false}