{"cameraMode":{"drawMode":0,"name":"Shaded","section":"Shading Mode"},"sceneLighting":true,"audioPlay":false,"sceneViewState":{"showFog":true,"showMaterialUpdate":false,"showSkybox":false,"showFlares":true,"showImageEffects":true,"showParticleSystems":true},"in2DMode":false,"pivot":{"x":-91.87100219726563,"y":18.964000701904298,"z":88.84700012207031},"rotation":{"x":-0.12918721139431,"y":0.8668166995048523,"z":-0.29041722416877749,"w":-0.3847076892852783},"size":2.520289897918701,"orthographic":false}