{"cameraMode":{"drawMode":0,"name":"Shaded","section":"Shading Mode"},"sceneLighting":false,"audioPlay":false,"sceneViewState":{"showFog":true,"showMaterialUpdate":false,"showSkybox":false,"showFlares":true,"showImageEffects":true,"showParticleSystems":true},"in2DMode":false,"pivot":{"x":22.589099884033204,"y":-10.091716766357422,"z":11.856548309326172},"rotation":{"x":0.2711118459701538,"y":0.6141038537025452,"z":-0.2370426207780838,"w":0.7022912502288818},"size":39.80314636230469,"orthographic":false}