{"cameraMode":{"drawMode":0,"name":"Shaded","section":"Shading Mode"},"sceneLighting":false,"audioPlay":false,"sceneViewState":{"showFog":true,"showMaterialUpdate":false,"showSkybox":false,"showFlares":true,"showImageEffects":true,"showParticleSystems":true},"in2DMode":false,"pivot":{"x":0.08409470319747925,"y":0.5267024040222168,"z":-7.237374305725098},"rotation":{"x":0.26528438925743105,"y":0.29887962341308596,"z":-0.08686301112174988,"w":0.9125663638114929},"size":28.75465965270996,"orthographic":false}