{"cameraMode":{"drawMode":0,"name":"Shaded","section":"Shading Mode"},"sceneLighting":false,"audioPlay":false,"sceneViewState":{"showFog":true,"showMaterialUpdate":false,"showSkybox":false,"showFlares":true,"showImageEffects":true,"showParticleSystems":true},"in2DMode":false,"pivot":{"x":-59.95499801635742,"y":18.413928985595704,"z":-0.030229568481445314},"rotation":{"x":-0.1940968632698059,"y":-0.6209502220153809,"z":0.16246138513088227,"w":-0.7418617010116577},"size":269.97003173828127,"orthographic":false}