{"cameraMode":{"drawMode":0,"name":"Shaded","section":"Shading Mode"},"sceneLighting":true,"audioPlay":false,"sceneViewState":{"showFog":true,"showMaterialUpdate":false,"showSkybox":true,"showFlares":true,"showImageEffects":true,"showParticleSystems":true},"in2DMode":false,"pivot":{"x":16.265094757080079,"y":18.008243560791017,"z":-21.445871353149415},"rotation":{"x":-0.2629711627960205,"y":0.045652423053979877,"z":-0.012430235743522644,"w":-0.9636709094047546},"size":-1.9029712677001954,"orthographic":false}