{"cameraMode":{"drawMode":0,"name":"Shaded","section":"Shading Mode"},"sceneLighting":false,"audioPlay":false,"sceneViewState":{"showFog":true,"showMaterialUpdate":false,"showSkybox":false,"showFlares":true,"showImageEffects":true,"showParticleSystems":true},"in2DMode":false,"pivot":{"x":-5.037998676300049,"y":1.55963134765625,"z":2.897861957550049},"rotation":{"x":-0.0872580036520958,"y":-0.7214785218238831,"z":-0.09249058365821839,"w":0.6806618571281433},"size":4.331271171569824,"orthographic":false}