{"cameraMode":{"drawMode":0,"name":"Shaded","section":"Shading Mode"},"sceneLighting":false,"audioPlay":false,"sceneViewState":{"showFog":true,"showMaterialUpdate":false,"showSkybox":false,"showFlares":true,"showImageEffects":true,"showParticleSystems":true},"in2DMode":false,"pivot":{"x":0.14975547790527345,"y":0.15895390510559083,"z":0.5862998962402344},"rotation":{"x":-0.23511958122253419,"y":-0.164688840508461,"z":0.04045897349715233,"w":-0.957059919834137},"size":3.4560749530792238,"orthographic":false}