{"cameraMode":{"drawMode":0,"name":"Shaded","section":"Shading Mode"},"sceneLighting":false,"audioPlay":false,"sceneViewState":{"showFog":true,"showMaterialUpdate":false,"showSkybox":false,"showFlares":true,"showImageEffects":true,"showParticleSystems":true},"in2DMode":false,"pivot":{"x":51.88885498046875,"y":-67.6500244140625,"z":-516.4124755859375},"rotation":{"x":-0.15603101253509522,"y":-0.8440011739730835,"z":0.35821694135665896,"w":-0.3675422966480255},"size":5078.86376953125,"orthographic":false}