{"cameraMode":{"drawMode":0,"name":"Shaded","section":"Shading Mode"},"sceneLighting":false,"audioPlay":false,"sceneViewState":{"showFog":true,"showMaterialUpdate":false,"showSkybox":false,"showFlares":true,"showImageEffects":true,"showParticleSystems":true},"in2DMode":false,"pivot":{"x":-0.1031949520111084,"y":0.41118770837783816,"z":0.09651577472686768},"rotation":{"x":-0.06093132868409157,"y":-0.8893047571182251,"z":0.1243232935667038,"w":-0.4358562231063843},"size":1.9926671981811524,"orthographic":false}