{"cameraMode":{"drawMode":0,"name":"Shaded","section":"Shading Mode"},"sceneLighting":false,"audioPlay":false,"sceneViewState":{"showFog":true,"showMaterialUpdate":false,"showSkybox":false,"showFlares":true,"showImageEffects":true,"showParticleSystems":true},"in2DMode":false,"pivot":{"x":0.05439534783363342,"y":2.5875015258789064,"z":0.0000016689300537109376},"rotation":{"x":0.11163822561502457,"y":-0.8715013265609741,"z":0.23360995948314668,"w":0.4164738357067108},"size":3.3288156986236574,"orthographic":false}