{"cameraMode":{"drawMode":0,"name":"Shaded","section":"Shading Mode"},"sceneLighting":true,"audioPlay":false,"sceneViewState":{"showFog":true,"showMaterialUpdate":false,"showSkybox":false,"showFlares":true,"showImageEffects":true,"showParticleSystems":true},"in2DMode":false,"pivot":{"x":6.569150924682617,"y":-2.4105474948883058,"z":6.603148460388184},"rotation":{"x":-0.14926809072494508,"y":-0.467639684677124,"z":0.08046546578407288,"w":-0.8675034642219544},"size":13.277581214904786,"orthographic":false}