{"cameraMode":{"drawMode":0,"name":"Shaded","section":"Shading Mode"},"sceneLighting":false,"audioPlay":false,"sceneViewState":{"showFog":true,"showMaterialUpdate":false,"showSkybox":false,"showFlares":true,"showImageEffects":true,"showParticleSystems":true},"in2DMode":false,"pivot":{"x":-6.600619792938232,"y":2.1145386695861818,"z":-60.174339294433597},"rotation":{"x":-0.2591830790042877,"y":-0.6724230051040649,"z":0.273576021194458,"w":-0.6370468139648438},"size":28.54380989074707,"orthographic":false}