{"cameraMode":{"drawMode":0,"name":"Shaded","section":"Shading Mode"},"sceneLighting":false,"audioPlay":false,"sceneViewState":{"showFog":true,"showMaterialUpdate":false,"showSkybox":false,"showFlares":true,"showImageEffects":true,"showParticleSystems":true},"in2DMode":false,"pivot":{"x":-0.07157754898071289,"y":-0.35355567932128909,"z":-16.70818519592285},"rotation":{"x":0.14386773109436036,"y":0.08450493216514588,"z":-0.012309263460338116,"w":0.9859192371368408},"size":30.536779403686525,"orthographic":false}