{"cameraMode":{"drawMode":0,"name":"Shaded","section":"Shading Mode"},"sceneLighting":false,"audioPlay":false,"sceneViewState":{"showFog":true,"showMaterialUpdate":false,"showSkybox":false,"showFlares":true,"showImageEffects":true,"showParticleSystems":true},"in2DMode":false,"pivot":{"x":9.618505477905274,"y":-1.7415332794189454,"z":12.70227336883545},"rotation":{"x":0.2711118459701538,"y":0.6141038537025452,"z":-0.2370426207780838,"w":0.7022912502288818},"size":30.21030616760254,"orthographic":false}