{"cameraMode":{"drawMode":0,"name":"Shaded","section":"Shading Mode"},"sceneLighting":true,"audioPlay":false,"sceneViewState":{"showFog":true,"showMaterialUpdate":false,"showSkybox":false,"showFlares":true,"showImageEffects":true,"showParticleSystems":true},"in2DMode":false,"pivot":{"x":-29.9375,"y":6.231358051300049,"z":-9.5367431640625e-7},"rotation":{"x":0.35603708028793337,"y":-0.27423056960105898,"z":0.11013535410165787,"w":0.8865130543708801},"size":50.03612518310547,"orthographic":false}