{"cameraMode":{"drawMode":0,"name":"Shaded","section":"Shading Mode"},"sceneLighting":false,"audioPlay":false,"sceneViewState":{"showFog":true,"showMaterialUpdate":false,"showSkybox":false,"showFlares":true,"showImageEffects":true,"showParticleSystems":true},"in2DMode":false,"pivot":{"x":-0.0000011920928955078126,"y":0.46761399507522585,"z":8.940696716308594e-7},"rotation":{"x":0.11163822561502457,"y":-0.8715013265609741,"z":0.23360995948314668,"w":0.4164738357067108},"size":2.9350006580352785,"orthographic":false}