{"cameraMode":{"drawMode":0,"name":"Shaded","section":"Shading Mode"},"sceneLighting":false,"audioPlay":false,"sceneViewState":{"showFog":true,"showMaterialUpdate":false,"showSkybox":false,"showFlares":true,"showImageEffects":true,"showParticleSystems":true},"in2DMode":false,"pivot":{"x":77.9168930053711,"y":9.520318031311036,"z":21.020002365112306},"rotation":{"x":-0.1126282811164856,"y":0.8375281095504761,"z":-0.18851381540298463,"w":-0.5003499984741211},"size":44.41314697265625,"orthographic":false}