{"cameraMode":{"drawMode":0,"name":"Shaded","section":"Shading Mode"},"sceneLighting":true,"audioPlay":false,"sceneViewState":{"showFog":true,"showMaterialUpdate":false,"showSkybox":false,"showFlares":true,"showImageEffects":true,"showParticleSystems":true},"in2DMode":false,"pivot":{"x":-99.4730224609375,"y":-3.625654697418213,"z":66.77075958251953},"rotation":{"x":0.0062313927337527279,"y":-0.9401789903640747,"z":0.3404221832752228,"w":0.017177917063236238},"size":43.718746185302737,"orthographic":false}