{"cameraMode":{"drawMode":0,"name":"Shaded","section":"Shading Mode"},"sceneLighting":true,"audioPlay":false,"sceneViewState":{"showFog":true,"showMaterialUpdate":false,"showSkybox":true,"showFlares":true,"showImageEffects":true,"showParticleSystems":true},"in2DMode":false,"pivot":{"x":-70.8478012084961,"y":-32.22248840332031,"z":45.10361099243164},"rotation":{"x":-0.24864906072616578,"y":0.33075082302093508,"z":-0.09078937768936157,"w":-0.905836284160614},"size":114.49690246582031,"orthographic":false}