{"cameraMode":{"drawMode":0,"name":"Shaded","section":"Shading Mode"},"sceneLighting":false,"audioPlay":false,"sceneViewState":{"showFog":true,"showMaterialUpdate":false,"showSkybox":false,"showFlares":true,"showImageEffects":true,"showParticleSystems":true},"in2DMode":false,"pivot":{"x":-87.97584533691406,"y":-14.226409912109375,"z":36.420310974121097},"rotation":{"x":0.46302899718284609,"y":0.41864556074142458,"z":-0.26357796788215639,"w":0.7354371547698975},"size":146.81333923339845,"orthographic":false}