{"cameraMode":{"drawMode":0,"name":"Shaded","section":"Shading Mode"},"sceneLighting":false,"audioPlay":false,"sceneViewState":{"showFog":true,"showMaterialUpdate":false,"showSkybox":false,"showFlares":true,"showImageEffects":true,"showParticleSystems":true},"in2DMode":false,"pivot":{"x":0.018491744995117189,"y":-0.2506685256958008,"z":-0.33764517307281496},"rotation":{"x":-0.20045126974582673,"y":0.7357720136642456,"z":-0.2466019243001938,"w":-0.5980571508407593},"size":13.581552505493164,"orthographic":false}