{"cameraMode":{"drawMode":0,"name":"Shaded","section":"Shading Mode"},"sceneLighting":false,"audioPlay":false,"sceneViewState":{"showFog":true,"showMaterialUpdate":false,"showSkybox":false,"showFlares":true,"showImageEffects":true,"showParticleSystems":true},"in2DMode":false,"pivot":{"x":17.045095443725587,"y":4.2750325202941898,"z":-9.769786834716797},"rotation":{"x":-0.09329047054052353,"y":-0.8672186136245728,"z":0.17750877141952516,"w":-0.45577841997146609},"size":6.571854591369629,"orthographic":false}