{"cameraMode":{"drawMode":0,"name":"Shaded","section":"Shading Mode"},"sceneLighting":true,"audioPlay":false,"sceneViewState":{"showFog":true,"showMaterialUpdate":false,"showSkybox":true,"showFlares":true,"showImageEffects":true,"showParticleSystems":true},"in2DMode":false,"pivot":{"x":920.8213500976563,"y":396.5561218261719,"z":4.8310546875},"rotation":{"x":-0.004406682215631008,"y":0.20258595049381257,"z":0.0009116417495533824,"w":0.9792542457580566},"size":2166.220458984375,"orthographic":true}