{"cameraMode":{"drawMode":0,"name":"Shaded","section":"Shading Mode"},"sceneLighting":false,"audioPlay":false,"sceneViewState":{"showFog":true,"showMaterialUpdate":false,"showSkybox":false,"showFlares":true,"showImageEffects":true,"showParticleSystems":true},"in2DMode":false,"pivot":{"x":12.486578941345215,"y":5.04061222076416,"z":-8.203959465026856},"rotation":{"x":0.12727679312229157,"y":-0.7800813913345337,"z":0.16808414459228517,"w":0.5893351435661316},"size":4.041658401489258,"orthographic":false}