{"cameraMode":{"drawMode":0,"name":"Shaded","section":"Shading Mode"},"sceneLighting":false,"audioPlay":false,"sceneViewState":{"showFog":true,"showMaterialUpdate":false,"showSkybox":false,"showFlares":true,"showImageEffects":true,"showParticleSystems":true},"in2DMode":false,"pivot":{"x":9.833824157714844,"y":-4.775459289550781,"z":3.938404083251953},"rotation":{"x":0.10259687900543213,"y":-0.8971610069274902,"z":0.31573277711868288,"w":0.29144716262817385},"size":54.85617446899414,"orthographic":false}