{"cameraMode":{"drawMode":0,"name":"Shaded","section":"Shading Mode"},"sceneLighting":false,"audioPlay":false,"sceneViewState":{"showFog":true,"showMaterialUpdate":false,"showSkybox":false,"showFlares":true,"showImageEffects":true,"showParticleSystems":true},"in2DMode":false,"pivot":{"x":824.458984375,"y":474.8659973144531,"z":-117.47970581054688},"rotation":{"x":-0.15033254027366639,"y":0.003558538854122162,"z":-0.0005285164224915206,"w":-0.9886834025382996},"size":23.334524154663087,"orthographic":false}