{"cameraMode":{"drawMode":0,"name":"Shaded","section":"Shading Mode"},"sceneLighting":false,"audioPlay":false,"sceneViewState":{"showFog":true,"showMaterialUpdate":false,"showSkybox":false,"showFlares":true,"showImageEffects":true,"showParticleSystems":true},"in2DMode":false,"pivot":{"x":12.082547187805176,"y":2.880537986755371,"z":-0.986088752746582},"rotation":{"x":0.5400323271751404,"y":0.08694720268249512,"z":-0.056356798857450488,"w":0.8353636264801025},"size":5.06466817855835,"orthographic":false}