{"cameraMode":{"drawMode":0,"name":"Shaded","section":"Shading Mode"},"sceneLighting":false,"audioPlay":false,"sceneViewState":{"showFog":true,"showMaterialUpdate":false,"showSkybox":false,"showFlares":true,"showImageEffects":true,"showParticleSystems":true},"in2DMode":false,"pivot":{"x":10.279999732971192,"y":0.6100000143051148,"z":1.093999981880188},"rotation":{"x":-0.06451662629842758,"y":-0.910328209400177,"z":0.37834838032722475,"w":-0.15522678196430207},"size":0.00005634145418298431,"orthographic":false}