{"cameraMode":{"drawMode":0,"name":"Shaded","section":"Shading Mode"},"sceneLighting":false,"audioPlay":false,"sceneViewState":{"showFog":true,"showMaterialUpdate":false,"showSkybox":false,"showFlares":true,"showImageEffects":true,"showParticleSystems":true},"in2DMode":false,"pivot":{"x":449.2205810546875,"y":18.56744384765625,"z":460.6557922363281},"rotation":{"x":-0.009164725430309773,"y":0.9854127168655396,"z":-0.16043856739997865,"w":-0.05624447762966156},"size":6.960314750671387,"orthographic":false}