{"cameraMode":{"drawMode":0,"name":"Shaded","section":"Shading Mode"},"sceneLighting":true,"audioPlay":false,"sceneViewState":{"showFog":true,"showMaterialUpdate":false,"showSkybox":false,"showFlares":true,"showImageEffects":true,"showParticleSystems":true},"in2DMode":false,"pivot":{"x":-0.8865318298339844,"y":2.7307815551757814,"z":-0.8813514709472656},"rotation":{"x":0.20679612457752229,"y":0.29129695892333987,"z":-0.06464985758066178,"w":0.9317734241485596},"size":40.97185134887695,"orthographic":false}