{"cameraMode":{"drawMode":0,"name":"Shaded","section":"Shading Mode"},"sceneLighting":true,"audioPlay":false,"sceneViewState":{"showFog":true,"showMaterialUpdate":false,"showSkybox":false,"showFlares":true,"showImageEffects":true,"showParticleSystems":true},"in2DMode":false,"pivot":{"x":-30.89119529724121,"y":3.7214126586914064,"z":-3.9469738006591799},"rotation":{"x":0.3819262981414795,"y":-0.30909276008605959,"z":0.13725398480892182,"w":0.8600903153419495},"size":39.74665069580078,"orthographic":false}