{"cameraMode":{"drawMode":0,"name":"Shaded","section":"Shading Mode"},"sceneLighting":true,"audioPlay":false,"sceneViewState":{"showFog":true,"showMaterialUpdate":false,"showSkybox":false,"showFlares":true,"showImageEffects":true,"showParticleSystems":true},"in2DMode":false,"pivot":{"x":4.514954090118408,"y":-0.4498879909515381,"z":-1.0758715867996216},"rotation":{"x":0.2503584623336792,"y":-0.5970280170440674,"z":0.20350028574466706,"w":0.7345229387283325},"size":12.025086402893067,"orthographic":false}