{"cameraMode":{"drawMode":0,"name":"Shaded","section":"Shading Mode"},"sceneLighting":false,"audioPlay":false,"sceneViewState":{"showFog":true,"showMaterialUpdate":false,"showSkybox":false,"showFlares":true,"showImageEffects":true,"showParticleSystems":true},"in2DMode":false,"pivot":{"x":72.130859375,"y":2.62861967086792,"z":48.82162094116211},"rotation":{"x":-0.1126282811164856,"y":0.8375281095504761,"z":-0.18851381540298463,"w":-0.5003499984741211},"size":7.723552227020264,"orthographic":false}