{"cameraMode":{"drawMode":0,"name":"Shaded","section":"Shading Mode"},"sceneLighting":false,"audioPlay":false,"sceneViewState":{"showFog":true,"showMaterialUpdate":false,"showSkybox":false,"showFlares":true,"showImageEffects":true,"showParticleSystems":true},"in2DMode":false,"pivot":{"x":0.0000321120023727417,"y":0.006962448358535767,"z":-0.012443944811820984},"rotation":{"x":-0.06128450483083725,"y":-0.8921699523925781,"z":0.12745384871959687,"w":-0.428992360830307},"size":0.5641419887542725,"orthographic":false}