{"cameraMode":{"drawMode":0,"name":"Shaded","section":"Shading Mode"},"sceneLighting":false,"audioPlay":false,"sceneViewState":{"showFog":true,"showMaterialUpdate":false,"showSkybox":false,"showFlares":true,"showImageEffects":true,"showParticleSystems":true},"in2DMode":false,"pivot":{"x":-38.54936981201172,"y":-11.402153015136719,"z":4.404541015625},"rotation":{"x":0.3900702893733978,"y":0.305274099111557,"z":-0.13886050879955293,"w":0.8575382232666016},"size":80.15180206298828,"orthographic":false}