{"cameraMode":{"drawMode":0,"name":"Shaded","section":"Shading Mode"},"sceneLighting":true,"audioPlay":false,"sceneViewState":{"showFog":true,"showMaterialUpdate":false,"showSkybox":true,"showFlares":true,"showImageEffects":true,"showParticleSystems":true},"in2DMode":false,"pivot":{"x":-26.479747772216798,"y":-49.78310775756836,"z":55.51675033569336},"rotation":{"x":0.32858511805534365,"y":0.05521140247583389,"z":-0.01924135722219944,"w":0.942674458026886},"size":151.88385009765626,"orthographic":false}