{"cameraMode":{"drawMode":0,"name":"Shaded","section":"Shading Mode"},"sceneLighting":true,"audioPlay":false,"sceneViewState":{"showFog":true,"showMaterialUpdate":false,"showSkybox":false,"showFlares":true,"showImageEffects":true,"showParticleSystems":true},"in2DMode":false,"pivot":{"x":11.960000038146973,"y":4.869999885559082,"z":-2.450000047683716},"rotation":{"x":-0.11675331741571427,"y":-0.8335583209991455,"z":0.19287186861038209,"w":-0.5044487118721008},"size":22.0,"orthographic":false}