{"cameraMode":{"drawMode":0,"name":"Shaded","section":"Shading Mode"},"sceneLighting":false,"audioPlay":false,"sceneViewState":{"showFog":true,"showMaterialUpdate":false,"showSkybox":false,"showFlares":true,"showImageEffects":true,"showParticleSystems":true},"in2DMode":false,"pivot":{"x":0.06270100176334381,"y":0.0,"z":0.8087354898452759},"rotation":{"x":-0.06078938767313957,"y":-0.9319486021995544,"z":0.30617064237594607,"w":-0.18536792695522309},"size":4.456242084503174,"orthographic":false}