{"cameraMode":{"drawMode":0,"name":"Shaded","section":"Shading Mode"},"sceneLighting":false,"audioPlay":false,"sceneViewState":{"showFog":true,"showMaterialUpdate":false,"showSkybox":false,"showFlares":true,"showImageEffects":true,"showParticleSystems":true},"in2DMode":false,"pivot":{"x":32.397945404052737,"y":5.128381729125977,"z":2.6617374420166017},"rotation":{"x":0.2711118459701538,"y":0.6141038537025452,"z":-0.2370426207780838,"w":0.7022912502288818},"size":37.90913391113281,"orthographic":false}