{"cameraMode":{"drawMode":0,"name":"Shaded","section":"Shading Mode"},"sceneLighting":false,"audioPlay":false,"sceneViewState":{"showFog":true,"showMaterialUpdate":false,"showSkybox":false,"showFlares":true,"showImageEffects":true,"showParticleSystems":true},"in2DMode":false,"pivot":{"x":-0.025506287813186647,"y":0.3802770972251892,"z":-3.8370490074157717e-7},"rotation":{"x":-0.4117591679096222,"y":-0.5091167688369751,"z":0.30269527435302737,"w":-0.6925646066665649},"size":1.7657251358032227,"orthographic":false}