{"cameraMode":{"drawMode":0,"name":"Shaded","section":"Shading Mode"},"sceneLighting":true,"audioPlay":false,"sceneViewState":{"showFog":true,"showMaterialUpdate":false,"showSkybox":false,"showFlares":true,"showImageEffects":true,"showParticleSystems":true},"in2DMode":false,"pivot":{"x":0.31218457221984866,"y":0.7927318215370178,"z":-0.02882179617881775},"rotation":{"x":-0.08564440160989762,"y":-0.7439101338386536,"z":0.09717973321676254,"w":-0.655609667301178},"size":2.9236042499542238,"orthographic":false}