{"cameraMode":{"drawMode":0,"name":"Shaded","section":"Shading Mode"},"sceneLighting":true,"audioPlay":false,"sceneViewState":{"showFog":true,"showMaterialUpdate":false,"showSkybox":false,"showFlares":true,"showImageEffects":true,"showParticleSystems":true},"in2DMode":false,"pivot":{"x":12.042431831359864,"y":5.156782150268555,"z":-1.9509423971176148},"rotation":{"x":0.09874434769153595,"y":-0.7016738653182983,"z":0.09916897863149643,"w":0.6987050771713257},"size":2.7562952041625978,"orthographic":false}