{"cameraMode":{"drawMode":0,"name":"Shaded","section":"Shading Mode"},"sceneLighting":false,"audioPlay":false,"sceneViewState":{"showFog":true,"showMaterialUpdate":false,"showSkybox":false,"showFlares":true,"showImageEffects":true,"showParticleSystems":true},"in2DMode":false,"pivot":{"x":-1.9150738716125489,"y":20.55784034729004,"z":20.093114852905275},"rotation":{"x":0.31732720136642458,"y":0.051175836473703387,"z":-0.017152337357401849,"w":0.9467788934707642},"size":38.7698860168457,"orthographic":true}