{"cameraMode":{"drawMode":0,"name":"Shaded","section":"Shading Mode"},"sceneLighting":false,"audioPlay":false,"sceneViewState":{"showFog":true,"showMaterialUpdate":false,"showSkybox":false,"showFlares":true,"showImageEffects":true,"showParticleSystems":true},"in2DMode":false,"pivot":{"x":0.02665024995803833,"y":0.06789637356996536,"z":-0.0476510226726532},"rotation":{"x":-0.06128450483083725,"y":-0.8921699523925781,"z":0.12745384871959687,"w":-0.428992360830307},"size":1.4393988847732545,"orthographic":false}