{"cameraMode":{"drawMode":0,"name":"Shaded","section":"Shading Mode"},"sceneLighting":true,"audioPlay":false,"sceneViewState":{"showFog":true,"showMaterialUpdate":false,"showSkybox":true,"showFlares":true,"showImageEffects":true,"showParticleSystems":true},"in2DMode":false,"pivot":{"x":-90.82821655273438,"y":19.792057037353517,"z":91.86378479003906},"rotation":{"x":0.09013625234365463,"y":-0.9098405241966248,"z":0.2898704409599304,"w":0.2832406759262085},"size":2.400047540664673,"orthographic":false}