{"cameraMode":{"drawMode":0,"name":"Shaded","section":"Shading Mode"},"sceneLighting":false,"audioPlay":false,"sceneViewState":{"showFog":true,"showMaterialUpdate":false,"showSkybox":false,"showFlares":true,"showImageEffects":true,"showParticleSystems":true},"in2DMode":false,"pivot":{"x":-2.8690075874328615,"y":1.4465999603271485,"z":5.5795392990112309},"rotation":{"x":0.3024114668369293,"y":0.25053656101226809,"z":-0.08271872997283936,"w":0.9159356355667114},"size":11.738262176513672,"orthographic":false}