{"cameraMode":{"drawMode":0,"name":"Shaded","section":"Shading Mode"},"sceneLighting":true,"audioPlay":false,"sceneViewState":{"showFog":true,"showMaterialUpdate":false,"showSkybox":true,"showFlares":true,"showImageEffects":true,"showParticleSystems":true},"in2DMode":false,"pivot":{"x":-68.03956604003906,"y":-69.34241485595703,"z":-2.5511467456817629},"rotation":{"x":-0.3516745865345001,"y":0.6210022568702698,"z":-0.3654410243034363,"w":-0.5976091027259827},"size":160.1082305908203,"orthographic":false}