{"cameraMode":{"drawMode":0,"name":"Shaded","section":"Shading Mode"},"sceneLighting":false,"audioPlay":false,"sceneViewState":{"showFog":true,"showMaterialUpdate":false,"showSkybox":false,"showFlares":true,"showImageEffects":true,"showParticleSystems":true},"in2DMode":false,"pivot":{"x":-6.633999824523926,"y":-0.039999961853027347,"z":-21.782913208007814},"rotation":{"x":0.15449753403663636,"y":-0.38841256499290469,"z":0.0662335753440857,"w":0.9060251712799072},"size":19.575908660888673,"orthographic":false}