{"cameraMode":{"drawMode":0,"name":"Shaded","section":"Shading Mode"},"sceneLighting":true,"audioPlay":false,"sceneViewState":{"showFog":true,"showMaterialUpdate":false,"showSkybox":true,"showFlares":true,"showImageEffects":true,"showParticleSystems":true},"in2DMode":false,"pivot":{"x":-9.265457153320313,"y":-72.08460235595703,"z":-8.189840316772461},"rotation":{"x":0.32550084590911868,"y":0.6273226141929627,"z":-0.3249177634716034,"w":0.6284505128860474},"size":206.29745483398438,"orthographic":false}