{"cameraMode":{"drawMode":0,"name":"Shaded","section":"Shading Mode"},"sceneLighting":false,"audioPlay":false,"sceneViewState":{"showFog":true,"showMaterialUpdate":false,"showSkybox":false,"showFlares":true,"showImageEffects":true,"showParticleSystems":true},"in2DMode":false,"pivot":{"x":0.0000011920928955078126,"y":0.42736053466796877,"z":-0.0012385547161102296},"rotation":{"x":0.11163822561502457,"y":-0.8715013265609741,"z":0.23360995948314668,"w":0.4164738357067108},"size":1.9204086065292359,"orthographic":false}