{"cameraMode":{"drawMode":0,"name":"Shaded","section":"Shading Mode"},"sceneLighting":false,"audioPlay":false,"sceneViewState":{"showFog":true,"showMaterialUpdate":false,"showSkybox":false,"showFlares":true,"showImageEffects":true,"showParticleSystems":true},"in2DMode":false,"pivot":{"x":6.500003814697266,"y":0.34200000762939455,"z":25.750001907348634},"rotation":{"x":0.3610047996044159,"y":0.47386622428894045,"z":-0.2215825468301773,"w":0.7720285654067993},"size":23.108980178833009,"orthographic":false}