{"cameraMode":{"drawMode":0,"name":"Shaded","section":"Shading Mode"},"sceneLighting":false,"audioPlay":false,"sceneViewState":{"showFog":true,"showMaterialUpdate":false,"showSkybox":false,"showFlares":true,"showImageEffects":true,"showParticleSystems":true},"in2DMode":false,"pivot":{"x":-93.68197631835938,"y":17.341779708862306,"z":85.72611999511719},"rotation":{"x":0.044905271381139758,"y":-0.9494349956512451,"z":0.2667531371116638,"w":0.15982721745967866},"size":5.629143714904785,"orthographic":false}