{"cameraMode":{"drawMode":0,"name":"Shaded","section":"Shading Mode"},"sceneLighting":true,"audioPlay":false,"sceneViewState":{"showFog":true,"showMaterialUpdate":false,"showSkybox":false,"showFlares":true,"showImageEffects":true,"showParticleSystems":true},"in2DMode":false,"pivot":{"x":-84.90731048583985,"y":10.65255069732666,"z":73.03241729736328},"rotation":{"x":-0.1751267910003662,"y":0.7743997573852539,"z":-0.24335883557796479,"w":-0.5571826696395874},"size":14.58974838256836,"orthographic":false}