{"cameraMode":{"drawMode":0,"name":"Shaded","section":"Shading Mode"},"sceneLighting":false,"audioPlay":false,"sceneViewState":{"showFog":true,"showMaterialUpdate":false,"showSkybox":false,"showFlares":true,"showImageEffects":true,"showParticleSystems":true},"in2DMode":false,"pivot":{"x":-59.95499801635742,"y":11.645546913146973,"z":-0.030229568481445314},"rotation":{"x":-0.007222922518849373,"y":-0.9094945192337036,"z":0.4153522253036499,"w":-0.01581648737192154},"size":276.094970703125,"orthographic":false}