{"cameraMode":{"drawMode":0,"name":"Shaded","section":"Shading Mode"},"sceneLighting":false,"audioPlay":false,"sceneViewState":{"showFog":true,"showMaterialUpdate":false,"showSkybox":false,"showFlares":true,"showImageEffects":true,"showParticleSystems":true},"in2DMode":false,"pivot":{"x":456.0898742675781,"y":486.2812805175781,"z":-119.2508773803711},"rotation":{"x":0.18964925408363343,"y":-0.07768803834915161,"z":0.015020162798464299,"w":0.9787213802337647},"size":23.334524154663087,"orthographic":false}