{"cameraMode":{"drawMode":0,"name":"Shaded","section":"Shading Mode"},"sceneLighting":true,"audioPlay":false,"sceneViewState":{"showFog":true,"showMaterialUpdate":false,"showSkybox":false,"showFlares":true,"showImageEffects":true,"showParticleSystems":true},"in2DMode":false,"pivot":{"x":11.960000038146973,"y":5.279999732971191,"z":-2.450000047683716},"rotation":{"x":0.03908194229006767,"y":-0.9120456576347351,"z":0.39846453070640566,"w":0.08946343511343003},"size":2.7562952041625978,"orthographic":false}