{"cameraMode":{"drawMode":0,"name":"Shaded","section":"Shading Mode"},"sceneLighting":false,"audioPlay":false,"sceneViewState":{"showFog":true,"showMaterialUpdate":false,"showSkybox":false,"showFlares":true,"showImageEffects":true,"showParticleSystems":true},"in2DMode":false,"pivot":{"x":0.2547581195831299,"y":0.13362571597099305,"z":0.035444676876068118},"rotation":{"x":-0.14500406384468079,"y":-0.7253846526145935,"z":0.16099078953266145,"w":-0.6533567905426025},"size":1.1161636114120484,"orthographic":false}