{"cameraMode":{"drawMode":0,"name":"Shaded","section":"Shading Mode"},"sceneLighting":false,"audioPlay":false,"sceneViewState":{"showFog":true,"showMaterialUpdate":false,"showSkybox":false,"showFlares":true,"showImageEffects":true,"showParticleSystems":true},"in2DMode":false,"pivot":{"x":0.6712174415588379,"y":2.4570698738098146,"z":0.9903936386108398},"rotation":{"x":-0.17959018051624299,"y":-0.4822777509689331,"z":0.10173479467630387,"w":-0.8513575196266174},"size":10.520549774169922,"orthographic":false}