{"cameraMode":{"drawMode":0,"name":"Shaded","section":"Shading Mode"},"sceneLighting":false,"audioPlay":false,"sceneViewState":{"showFog":true,"showMaterialUpdate":false,"showSkybox":false,"showFlares":true,"showImageEffects":true,"showParticleSystems":true},"in2DMode":false,"pivot":{"x":0.07270979881286621,"y":0.7731987237930298,"z":0.8508734107017517},"rotation":{"x":0.2961275577545166,"y":0.3970573842525482,"z":-0.13706658780574799,"w":0.8578273057937622},"size":2.700057029724121,"orthographic":false}