{"cameraMode":{"drawMode":0,"name":"Shaded","section":"Shading Mode"},"sceneLighting":true,"audioPlay":false,"sceneViewState":{"showFog":true,"showMaterialUpdate":false,"showSkybox":true,"showFlares":true,"showImageEffects":true,"showParticleSystems":true},"in2DMode":false,"pivot":{"x":-32.23432922363281,"y":-4.4283599853515629,"z":-2.2497997283935549},"rotation":{"x":0.4718620181083679,"y":0.004246755503118038,"z":-0.002275696489959955,"w":0.8816779851913452},"size":48.225582122802737,"orthographic":false}