{"cameraMode":{"drawMode":0,"name":"Shaded","section":"Shading Mode"},"sceneLighting":false,"audioPlay":false,"sceneViewState":{"showFog":true,"showMaterialUpdate":false,"showSkybox":false,"showFlares":true,"showImageEffects":true,"showParticleSystems":true},"in2DMode":false,"pivot":{"x":3.7860164642333986,"y":-1.8275575637817383,"z":9.443275451660157},"rotation":{"x":-0.15571153163909913,"y":-0.7228382229804993,"z":0.17298565804958344,"w":-0.6506478786468506},"size":27.06342124938965,"orthographic":false}