{"cameraMode":{"drawMode":0,"name":"Shaded","section":"Shading Mode"},"sceneLighting":false,"audioPlay":false,"sceneViewState":{"showFog":true,"showMaterialUpdate":false,"showSkybox":false,"showFlares":true,"showImageEffects":true,"showParticleSystems":true},"in2DMode":false,"pivot":{"x":-1.52554190158844,"y":-11.378862380981446,"z":-25.967714309692384},"rotation":{"x":-0.08445382118225098,"y":0.9148254990577698,"z":-0.2575913965702057,"w":-0.2995847761631012},"size":43.71875,"orthographic":false}