{"cameraMode":{"drawMode":0,"name":"Shaded","section":"Shading Mode"},"sceneLighting":false,"audioPlay":false,"sceneViewState":{"showFog":true,"showMaterialUpdate":false,"showSkybox":false,"showFlares":true,"showImageEffects":true,"showParticleSystems":true},"in2DMode":false,"pivot":{"x":5.064999580383301,"y":1.5399993658065797,"z":3.327867031097412},"rotation":{"x":0.45045098662376406,"y":0.020085033029317857,"z":-0.010136849246919155,"w":0.8925176858901978},"size":91.60409545898438,"orthographic":false}