{"cameraMode":{"drawMode":0,"name":"Shaded","section":"Shading Mode"},"sceneLighting":false,"audioPlay":false,"sceneViewState":{"showFog":true,"showMaterialUpdate":false,"showSkybox":false,"showFlares":true,"showImageEffects":true,"showParticleSystems":true},"in2DMode":false,"pivot":{"x":0.5043572187423706,"y":-0.2171032428741455,"z":-4.229422569274902},"rotation":{"x":-0.008648977614939213,"y":-0.9757815599441528,"z":0.2150275707244873,"w":-0.03925121948122978},"size":6.3401265144348148,"orthographic":false}