{"cameraMode":{"drawMode":0,"name":"Shaded","section":"Shading Mode"},"sceneLighting":false,"audioPlay":false,"sceneViewState":{"showFog":true,"showMaterialUpdate":false,"showSkybox":false,"showFlares":true,"showImageEffects":true,"showParticleSystems":true},"in2DMode":false,"pivot":{"x":-0.0005254745483398438,"y":2.5198283195495607,"z":0.00001811981201171875},"rotation":{"x":-0.07759145647287369,"y":-0.8467455506324768,"z":0.510328471660614,"w":-0.12874141335487367},"size":27.613752365112306,"orthographic":false}