{"cameraMode":{"drawMode":0,"name":"Shaded","section":"Shading Mode"},"sceneLighting":false,"audioPlay":false,"sceneViewState":{"showFog":true,"showMaterialUpdate":false,"showSkybox":false,"showFlares":true,"showImageEffects":true,"showParticleSystems":true},"in2DMode":false,"pivot":{"x":-0.008048206567764283,"y":0.21594251692295075,"z":-0.000003904104232788086},"rotation":{"x":-0.06128450483083725,"y":-0.8921699523925781,"z":0.12745384871959687,"w":-0.428992360830307},"size":1.6735950708389283,"orthographic":false}