{"cameraMode":{"drawMode":0,"name":"Shaded","section":"Shading Mode"},"sceneLighting":true,"audioPlay":false,"sceneViewState":{"showFog":true,"showMaterialUpdate":false,"showSkybox":true,"showFlares":true,"showImageEffects":true,"showParticleSystems":true},"in2DMode":false,"pivot":{"x":3.7629313468933107,"y":13.224005699157715,"z":15.359634399414063},"rotation":{"x":-0.06451662629842758,"y":-0.910328209400177,"z":0.37834838032722475,"w":-0.15522678196430207},"size":22.0,"orthographic":false}