{"cameraMode":{"drawMode":0,"name":"Shaded","section":"Shading Mode"},"sceneLighting":true,"audioPlay":false,"sceneViewState":{"showFog":true,"showMaterialUpdate":false,"showSkybox":false,"showFlares":true,"showImageEffects":true,"showParticleSystems":true},"in2DMode":false,"pivot":{"x":-62.1043701171875,"y":12.256657600402832,"z":-11.864463806152344},"rotation":{"x":-0.017350254580378534,"y":0.9825593829154968,"z":-0.13796326518058778,"w":-0.1235647201538086},"size":29.59897804260254,"orthographic":false}