{"cameraMode":{"drawMode":0,"name":"Shaded","section":"Shading Mode"},"sceneLighting":false,"audioPlay":false,"sceneViewState":{"showFog":true,"showMaterialUpdate":false,"showSkybox":false,"showFlares":true,"showImageEffects":true,"showParticleSystems":true},"in2DMode":false,"pivot":{"x":-8.604782104492188,"y":-8.41421127319336,"z":-5.316806793212891},"rotation":{"x":0.09806091338396073,"y":-0.8658773899078369,"z":0.4534270167350769,"w":0.18725396692752839},"size":79.8775634765625,"orthographic":false}