{"cameraMode":{"drawMode":0,"name":"Shaded","section":"Shading Mode"},"sceneLighting":false,"audioPlay":false,"sceneViewState":{"showFog":true,"showMaterialUpdate":false,"showSkybox":false,"showFlares":true,"showImageEffects":true,"showParticleSystems":true},"in2DMode":false,"pivot":{"x":3.0048227310180666,"y":6.227792739868164,"z":-1.4929594993591309},"rotation":{"x":-0.044275302439928058,"y":0.9526559114456177,"z":-0.16980960965156556,"w":-0.24834871292114259},"size":32.20700454711914,"orthographic":false}