{"cameraMode":{"drawMode":0,"name":"Shaded","section":"Shading Mode"},"sceneLighting":false,"audioPlay":false,"sceneViewState":{"showFog":true,"showMaterialUpdate":false,"showSkybox":false,"showFlares":true,"showImageEffects":true,"showParticleSystems":true},"in2DMode":false,"pivot":{"x":-1.1503852605819703,"y":-8.267298698425293,"z":11.92236614227295},"rotation":{"x":0.2365580052137375,"y":-0.32166528701782229,"z":0.08333893865346909,"w":0.9131051301956177},"size":33.16560745239258,"orthographic":false}