{"cameraMode":{"drawMode":0,"name":"Shaded","section":"Shading Mode"},"sceneLighting":true,"audioPlay":false,"sceneViewState":{"showFog":true,"showMaterialUpdate":false,"showSkybox":true,"showFlares":true,"showImageEffects":true,"showParticleSystems":true},"in2DMode":false,"pivot":{"x":11.697195053100586,"y":4.005134582519531,"z":-7.913477897644043},"rotation":{"x":0.5219253897666931,"y":0.13813437521457673,"z":-0.08610343188047409,"w":0.8373169302940369},"size":17.52132225036621,"orthographic":false}