{"cameraMode":{"drawMode":0,"name":"Shaded","section":"Shading Mode"},"sceneLighting":false,"audioPlay":false,"sceneViewState":{"showFog":true,"showMaterialUpdate":false,"showSkybox":false,"showFlares":true,"showImageEffects":true,"showParticleSystems":true},"in2DMode":false,"pivot":{"x":2.5950329303741457,"y":1.6468229293823243,"z":-3.1961803436279299},"rotation":{"x":0.2854347229003906,"y":0.12177606672048569,"z":-0.036591384559869769,"w":0.9499256014823914},"size":12.301246643066407,"orthographic":false}