{"cameraMode":{"drawMode":0,"name":"Shaded","section":"Shading Mode"},"sceneLighting":true,"audioPlay":false,"sceneViewState":{"showFog":true,"showMaterialUpdate":false,"showSkybox":false,"showFlares":true,"showImageEffects":true,"showParticleSystems":true},"in2DMode":false,"pivot":{"x":-0.21000003814697267,"y":2.3500001430511476,"z":0.4099998474121094},"rotation":{"x":-0.2609901428222656,"y":-0.06457190960645676,"z":0.017475245520472528,"w":-0.9630265831947327},"size":6.042078495025635,"orthographic":false}