{"cameraMode":{"drawMode":0,"name":"Shaded","section":"Shading Mode"},"sceneLighting":false,"audioPlay":false,"sceneViewState":{"showFog":true,"showMaterialUpdate":false,"showSkybox":false,"showFlares":true,"showImageEffects":true,"showParticleSystems":true},"in2DMode":false,"pivot":{"x":1.5502076148986817,"y":0.38599395751953127,"z":-0.6714322566986084},"rotation":{"x":0.3720150887966156,"y":0.3996139168739319,"z":-0.1817731410264969,"w":0.8178463578224182},"size":9.244538307189942,"orthographic":false}