{"cameraMode":{"drawMode":0,"name":"Shaded","section":"Shading Mode"},"sceneLighting":false,"audioPlay":false,"sceneViewState":{"showFog":true,"showMaterialUpdate":false,"showSkybox":false,"showFlares":true,"showImageEffects":true,"showParticleSystems":true},"in2DMode":false,"pivot":{"x":0.4394350051879883,"y":0.17127084732055665,"z":-0.49518558382987978},"rotation":{"x":-0.15738199651241303,"y":-0.7773453593254089,"z":0.21463337540626527,"w":-0.5699994564056397},"size":2.333714246749878,"orthographic":false}