{"cameraMode":{"drawMode":0,"name":"Shaded","section":"Shading Mode"},"sceneLighting":true,"audioPlay":false,"sceneViewState":{"showFog":true,"showMaterialUpdate":false,"showSkybox":false,"showFlares":true,"showImageEffects":true,"showParticleSystems":true},"in2DMode":false,"pivot":{"x":-29.300661087036134,"y":0.4539833068847656,"z":0.3444797992706299},"rotation":{"x":0.31699520349502566,"y":0.6401905417442322,"z":-0.32842257618904116,"w":0.6179142594337463},"size":50.584800720214847,"orthographic":false}