{"cameraMode":{"drawMode":0,"name":"Shaded","section":"Shading Mode"},"sceneLighting":false,"audioPlay":false,"sceneViewState":{"showFog":true,"showMaterialUpdate":false,"showSkybox":false,"showFlares":true,"showImageEffects":true,"showParticleSystems":true},"in2DMode":false,"pivot":{"x":-127.94000244140625,"y":8.69999885559082,"z":81.54000091552735},"rotation":{"x":-0.1193327084183693,"y":0.8621633052825928,"z":-0.23856736719608308,"w":-0.43088746070861819},"size":43.71875,"orthographic":false}