{"cameraMode":{"drawMode":0,"name":"Shaded","section":"Shading Mode"},"sceneLighting":true,"audioPlay":false,"sceneViewState":{"showFog":true,"showMaterialUpdate":false,"showSkybox":false,"showFlares":true,"showImageEffects":true,"showParticleSystems":true},"in2DMode":false,"pivot":{"x":0.29671335220336916,"y":1.132318377494812,"z":-0.2903502583503723},"rotation":{"x":-0.10093215107917786,"y":-0.6214966177940369,"z":0.08118844777345658,"w":-0.7726371884346008},"size":2.9236042499542238,"orthographic":false}