{"cameraMode":{"drawMode":0,"name":"Shaded","section":"Shading Mode"},"sceneLighting":true,"audioPlay":false,"sceneViewState":{"showFog":true,"showMaterialUpdate":false,"showSkybox":true,"showFlares":true,"showImageEffects":true,"showParticleSystems":true},"in2DMode":false,"pivot":{"x":-26.095932006835939,"y":-17.94540786743164,"z":22.990924835205079},"rotation":{"x":0.33749476075172427,"y":0.026821907609701158,"z":-0.009620444849133492,"w":0.9409006834030151},"size":67.33125305175781,"orthographic":false}