{"cameraMode":{"drawMode":0,"name":"Shaded","section":"Shading Mode"},"sceneLighting":true,"audioPlay":false,"sceneViewState":{"showFog":true,"showMaterialUpdate":false,"showSkybox":false,"showFlares":true,"showImageEffects":true,"showParticleSystems":true},"in2DMode":false,"pivot":{"x":-34.04428482055664,"y":23.70608901977539,"z":-7.102359771728516},"rotation":{"x":0.13696077466011048,"y":-0.7564586997032166,"z":0.1678869128227234,"w":0.617112398147583},"size":253.2646026611328,"orthographic":false}