{"cameraMode":{"drawMode":0,"name":"Shaded","section":"Shading Mode"},"sceneLighting":false,"audioPlay":false,"sceneViewState":{"showFog":true,"showMaterialUpdate":false,"showSkybox":false,"showFlares":true,"showImageEffects":true,"showParticleSystems":true},"in2DMode":false,"pivot":{"x":-88.33000183105469,"y":17.670000076293947,"z":87.03624725341797},"rotation":{"x":-0.14159463346004487,"y":-0.7353957295417786,"z":0.16210652887821198,"w":-0.6428072452545166},"size":4.8419189453125,"orthographic":false}