{"cameraMode":{"drawMode":0,"name":"Shaded","section":"Shading Mode"},"sceneLighting":false,"audioPlay":false,"sceneViewState":{"showFog":true,"showMaterialUpdate":false,"showSkybox":false,"showFlares":true,"showImageEffects":true,"showParticleSystems":true},"in2DMode":false,"pivot":{"x":-0.7604689598083496,"y":8.819005966186524,"z":0.7186899185180664},"rotation":{"x":0.3208496868610382,"y":-0.21067476272583009,"z":0.0734347254037857,"w":0.9204800128936768},"size":39.43910217285156,"orthographic":false}