{"cameraMode":{"drawMode":0,"name":"Shaded","section":"Shading Mode"},"sceneLighting":false,"audioPlay":false,"sceneViewState":{"showFog":true,"showMaterialUpdate":false,"showSkybox":false,"showFlares":true,"showImageEffects":true,"showParticleSystems":true},"in2DMode":false,"pivot":{"x":-119.86846923828125,"y":-1.3367658853530884,"z":87.85450744628906},"rotation":{"x":0.36575838923454287,"y":0.09494700282812119,"z":-0.03760942444205284,"w":0.925152063369751},"size":22.0,"orthographic":false}