{"cameraMode":{"drawMode":0,"name":"Shaded","section":"Shading Mode"},"sceneLighting":false,"audioPlay":false,"sceneViewState":{"showFog":true,"showMaterialUpdate":false,"showSkybox":false,"showFlares":true,"showImageEffects":true,"showParticleSystems":true},"in2DMode":false,"pivot":{"x":-0.5894775390625,"y":0.976276159286499,"z":1.9969695806503297},"rotation":{"x":0.2961275577545166,"y":0.3970573842525482,"z":-0.13706658780574799,"w":0.8578273057937622},"size":3.705064535140991,"orthographic":false}