{"cameraMode":{"drawMode":0,"name":"Shaded","section":"Shading Mode"},"sceneLighting":false,"audioPlay":false,"sceneViewState":{"showFog":true,"showMaterialUpdate":false,"showSkybox":false,"showFlares":true,"showImageEffects":true,"showParticleSystems":true},"in2DMode":false,"pivot":{"x":-73.93000793457031,"y":-14.982749938964844,"z":45.02305221557617},"rotation":{"x":0.00581764243543148,"y":0.9378668665885925,"z":-0.3466063141822815,"w":0.01575568877160549},"size":43.718746185302737,"orthographic":false}