{"cameraMode":{"drawMode":0,"name":"Shaded","section":"Shading Mode"},"sceneLighting":false,"audioPlay":false,"sceneViewState":{"showFog":true,"showMaterialUpdate":false,"showSkybox":false,"showFlares":true,"showImageEffects":true,"showParticleSystems":true},"in2DMode":false,"pivot":{"x":0.09754514694213867,"y":-1.3784902095794678,"z":-0.23845672607421876},"rotation":{"x":-0.2209567427635193,"y":-0.4250243306159973,"z":0.10780208557844162,"w":-0.8711574077606201},"size":7.516852855682373,"orthographic":false}