{"cameraMode":{"drawMode":0,"name":"Shaded","section":"Shading Mode"},"sceneLighting":false,"audioPlay":false,"sceneViewState":{"showFog":true,"showMaterialUpdate":false,"showSkybox":false,"showFlares":true,"showImageEffects":true,"showParticleSystems":true},"in2DMode":false,"pivot":{"x":0.2306087613105774,"y":0.15863442420959474,"z":-0.39112389087677},"rotation":{"x":-0.40935471653938296,"y":-0.3464067578315735,"z":0.17158475518226624,"w":-0.8264414072036743},"size":1.6900608539581299,"orthographic":false}