{"cameraMode":{"drawMode":0,"name":"Shaded","section":"Shading Mode"},"sceneLighting":false,"audioPlay":false,"sceneViewState":{"showFog":true,"showMaterialUpdate":false,"showSkybox":false,"showFlares":true,"showImageEffects":true,"showParticleSystems":true},"in2DMode":false,"pivot":{"x":558.2947387695313,"y":20.056957244873048,"z":196.08433532714845},"rotation":{"x":-0.044275302439928058,"y":0.9526559114456177,"z":-0.16980960965156556,"w":-0.24834871292114259},"size":6.438608646392822,"orthographic":false}