{"cameraMode":{"drawMode":0,"name":"Shaded","section":"Shading Mode"},"sceneLighting":false,"audioPlay":false,"sceneViewState":{"showFog":true,"showMaterialUpdate":false,"showSkybox":false,"showFlares":true,"showImageEffects":true,"showParticleSystems":true},"in2DMode":false,"pivot":{"x":-0.7584218978881836,"y":1.3820281028747559,"z":1.751844048500061},"rotation":{"x":0.23620733618736268,"y":0.1364753544330597,"z":-0.03352748602628708,"w":0.9614871740341187},"size":4.184347629547119,"orthographic":false}