{"cameraMode":{"drawMode":0,"name":"Shaded","section":"Shading Mode"},"sceneLighting":false,"audioPlay":false,"sceneViewState":{"showFog":true,"showMaterialUpdate":false,"showSkybox":false,"showFlares":true,"showImageEffects":true,"showParticleSystems":true},"in2DMode":false,"pivot":{"x":-0.5083703994750977,"y":0.2932736873626709,"z":0.5088191032409668},"rotation":{"x":-0.17465797066688538,"y":0.4813297688961029,"z":-0.09852190315723419,"w":-0.8532938957214356},"size":7.915146827697754,"orthographic":false}