{"cameraMode":{"drawMode":0,"name":"Shaded","section":"Shading Mode"},"sceneLighting":true,"audioPlay":false,"sceneViewState":{"showFog":true,"showMaterialUpdate":false,"showSkybox":false,"showFlares":true,"showImageEffects":true,"showParticleSystems":true},"in2DMode":false,"pivot":{"x":0.2014446258544922,"y":0.351790189743042,"z":-0.3326728343963623},"rotation":{"x":-0.29556581377983096,"y":0.5329715609550476,"z":-0.20573855936527253,"w":-0.7656726837158203},"size":4.395481109619141,"orthographic":false}