{"cameraMode":{"drawMode":0,"name":"Shaded","section":"Shading Mode"},"sceneLighting":false,"audioPlay":false,"sceneViewState":{"showFog":true,"showMaterialUpdate":false,"showSkybox":false,"showFlares":true,"showImageEffects":true,"showParticleSystems":true},"in2DMode":false,"pivot":{"x":-0.21872949600219727,"y":-0.5597442388534546,"z":-0.3176147937774658},"rotation":{"x":-0.2792723774909973,"y":-0.31977131962776186,"z":0.09923138469457627,"w":-0.8999487161636353},"size":10.040061950683594,"orthographic":false}