{"cameraMode":{"drawMode":0,"name":"Shaded","section":"Shading Mode"},"sceneLighting":true,"audioPlay":false,"sceneViewState":{"showFog":true,"showMaterialUpdate":false,"showSkybox":false,"showFlares":true,"showImageEffects":true,"showParticleSystems":true},"in2DMode":false,"pivot":{"x":5.266685485839844,"y":11.118048667907715,"z":7.220342636108398},"rotation":{"x":0.24518828094005586,"y":0.754767119884491,"z":-0.43506360054016116,"w":0.4253804385662079},"size":275.77716064453127,"orthographic":false}