{"cameraMode":{"drawMode":0,"name":"Shaded","section":"Shading Mode"},"sceneLighting":true,"audioPlay":false,"sceneViewState":{"showFog":true,"showMaterialUpdate":false,"showSkybox":false,"showFlares":true,"showImageEffects":true,"showParticleSystems":true},"in2DMode":false,"pivot":{"x":12.477203369140625,"y":5.277507781982422,"z":-3.104011297225952},"rotation":{"x":0.09902812540531159,"y":-0.44568029046058657,"z":0.04964279383420944,"w":0.888343870639801},"size":2.7562952041625978,"orthographic":false}