{"cameraMode":{"drawMode":0,"name":"Shaded","section":"Shading Mode"},"sceneLighting":false,"audioPlay":false,"sceneViewState":{"showFog":true,"showMaterialUpdate":false,"showSkybox":false,"showFlares":true,"showImageEffects":true,"showParticleSystems":true},"in2DMode":false,"pivot":{"x":-92.92681884765625,"y":16.763442993164064,"z":101.41127014160156},"rotation":{"x":0.1515362411737442,"y":0.8021572232246399,"z":-0.22932438552379609,"w":0.5304531455039978},"size":43.718746185302737,"orthographic":false}