{"cameraMode":{"drawMode":0,"name":"Shaded","section":"Shading Mode"},"sceneLighting":false,"audioPlay":false,"sceneViewState":{"showFog":true,"showMaterialUpdate":false,"showSkybox":false,"showFlares":true,"showImageEffects":true,"showParticleSystems":true},"in2DMode":false,"pivot":{"x":0.5762228965759277,"y":0.4887351989746094,"z":0.7856048345565796},"rotation":{"x":-0.17959018051624299,"y":-0.4822777509689331,"z":0.10173479467630387,"w":-0.8513575196266174},"size":5.2159647941589359,"orthographic":false}