{"cameraMode":{"drawMode":0,"name":"Shaded","section":"Shading Mode"},"sceneLighting":true,"audioPlay":false,"sceneViewState":{"showFog":true,"showMaterialUpdate":false,"showSkybox":false,"showFlares":true,"showImageEffects":true,"showParticleSystems":true},"in2DMode":false,"pivot":{"x":51.87126159667969,"y":-1.355790615081787,"z":697.25537109375},"rotation":{"x":0.20891326665878297,"y":-0.5107802152633667,"z":0.12962687015533448,"w":0.8238539695739746},"size":29.244592666625978,"orthographic":false}