{"cameraMode":{"drawMode":0,"name":"Shaded","section":"Shading Mode"},"sceneLighting":false,"audioPlay":false,"sceneViewState":{"showFog":true,"showMaterialUpdate":false,"showSkybox":false,"showFlares":true,"showImageEffects":true,"showParticleSystems":true},"in2DMode":false,"pivot":{"x":0.0022435635328292848,"y":0.43059277534484866,"z":0.4026508331298828},"rotation":{"x":-0.36710062623023989,"y":0.006131831556558609,"z":-0.002418770920485258,"w":-0.9301599264144898},"size":2.3625283241271974,"orthographic":false}