{"cameraMode":{"drawMode":0,"name":"Shaded","section":"Shading Mode"},"sceneLighting":false,"audioPlay":false,"sceneViewState":{"showFog":true,"showMaterialUpdate":false,"showSkybox":false,"showFlares":true,"showImageEffects":true,"showParticleSystems":true},"in2DMode":false,"pivot":{"x":-1.4901161193847657e-8,"y":1.1124508380889893,"z":0.09749716520309448},"rotation":{"x":-0.008648977614939213,"y":-0.9757815599441528,"z":0.2150275707244873,"w":-0.03925121948122978},"size":3.1213817596435549,"orthographic":false}