{"cameraMode":{"drawMode":0,"name":"Shaded","section":"Shading Mode"},"sceneLighting":false,"audioPlay":false,"sceneViewState":{"showFog":true,"showMaterialUpdate":false,"showSkybox":false,"showFlares":true,"showImageEffects":true,"showParticleSystems":true},"in2DMode":false,"pivot":{"x":14.690898895263672,"y":5.1060895919799809,"z":-6.533422470092773},"rotation":{"x":0.00926905032247305,"y":0.988101601600647,"z":-0.1387465000152588,"w":0.06682252883911133},"size":1.6622470617294312,"orthographic":false}