{"cameraMode":{"drawMode":0,"name":"Shaded","section":"Shading Mode"},"sceneLighting":false,"audioPlay":false,"sceneViewState":{"showFog":true,"showMaterialUpdate":false,"showSkybox":false,"showFlares":true,"showImageEffects":true,"showParticleSystems":true},"in2DMode":false,"pivot":{"x":-122.5999984741211,"y":9.170000076293946,"z":77.79100036621094},"rotation":{"x":-0.14159463346004487,"y":-0.7353957295417786,"z":0.16210652887821198,"w":-0.6428072452545166},"size":3.3001091480255129,"orthographic":false}