{"cameraMode":{"drawMode":0,"name":"Shaded","section":"Shading Mode"},"sceneLighting":false,"audioPlay":false,"sceneViewState":{"showFog":true,"showMaterialUpdate":false,"showSkybox":false,"showFlares":true,"showImageEffects":true,"showParticleSystems":true},"in2DMode":false,"pivot":{"x":-82.26709747314453,"y":18.912715911865236,"z":88.61675262451172},"rotation":{"x":0.10142011195421219,"y":0.8301889896392822,"z":-0.5244510769844055,"w":0.16076548397541047},"size":5.7157673835754398,"orthographic":false}