{"cameraMode":{"drawMode":0,"name":"Shaded","section":"Shading Mode"},"sceneLighting":false,"audioPlay":false,"sceneViewState":{"showFog":true,"showMaterialUpdate":false,"showSkybox":false,"showFlares":true,"showImageEffects":true,"showParticleSystems":true},"in2DMode":false,"pivot":{"x":11.14428424835205,"y":-4.200424671173096,"z":7.444863796234131},"rotation":{"x":0.2711118459701538,"y":0.6141038537025452,"z":-0.2370426207780838,"w":0.7022912502288818},"size":5.617831707000732,"orthographic":false}