{"cameraMode":{"drawMode":0,"name":"Shaded","section":"Shading Mode"},"sceneLighting":true,"audioPlay":false,"sceneViewState":{"showFog":true,"showMaterialUpdate":false,"showSkybox":false,"showFlares":true,"showImageEffects":true,"showParticleSystems":true},"in2DMode":false,"pivot":{"x":0.0,"y":1.7103933095932007,"z":15.802362442016602},"rotation":{"x":0.10327126830816269,"y":-0.847926914691925,"z":0.17939457297325135,"w":0.48807185888290408},"size":65.9422378540039,"orthographic":false}