{"cameraMode":{"drawMode":0,"name":"Shaded","section":"Shading Mode"},"sceneLighting":false,"audioPlay":false,"sceneViewState":{"showFog":true,"showMaterialUpdate":false,"showSkybox":false,"showFlares":true,"showImageEffects":true,"showParticleSystems":true},"in2DMode":false,"pivot":{"x":-6.50947380065918,"y":1.3183650970458985,"z":3.15811824798584},"rotation":{"x":0.09835407882928848,"y":-0.0983545184135437,"z":0.009768962860107422,"w":0.9902309775352478},"size":3.478458881378174,"orthographic":false}