{"cameraMode":{"drawMode":0,"name":"Shaded","section":"Shading Mode"},"sceneLighting":false,"audioPlay":false,"sceneViewState":{"showFog":true,"showMaterialUpdate":false,"showSkybox":false,"showFlares":true,"showImageEffects":true,"showParticleSystems":true},"in2DMode":false,"pivot":{"x":-0.8495357632637024,"y":1.7999999523162842,"z":-0.011751741170883179},"rotation":{"x":-0.044275302439928058,"y":0.9526559114456177,"z":-0.16980960965156556,"w":-0.24834871292114259},"size":6.628829002380371,"orthographic":false}