{"cameraMode":{"drawMode":0,"name":"Shaded","section":"Shading Mode"},"sceneLighting":true,"audioPlay":false,"sceneViewState":{"showFog":true,"showMaterialUpdate":false,"showSkybox":false,"showFlares":true,"showImageEffects":true,"showParticleSystems":true},"in2DMode":false,"pivot":{"x":-14.9375,"y":7.419146537780762,"z":2.2046661376953127},"rotation":{"x":0.29153043031692507,"y":0.1816510558128357,"z":-0.05649060383439064,"w":0.9374570846557617},"size":80.20022583007813,"orthographic":true}