{"cameraMode":{"drawMode":0,"name":"Shaded","section":"Shading Mode"},"sceneLighting":true,"audioPlay":false,"sceneViewState":{"showFog":true,"showMaterialUpdate":false,"showSkybox":false,"showFlares":true,"showImageEffects":true,"showParticleSystems":true},"in2DMode":false,"pivot":{"x":-1.1367042064666749,"y":2.2512893676757814,"z":-1.7766778469085694},"rotation":{"x":0.02531341463327408,"y":0.6985728144645691,"z":-0.024733904749155046,"w":0.7146815657615662},"size":33.12288284301758,"orthographic":false}