{"cameraMode":{"drawMode":0,"name":"Shaded","section":"Shading Mode"},"sceneLighting":true,"audioPlay":false,"sceneViewState":{"showFog":true,"showMaterialUpdate":false,"showSkybox":false,"showFlares":true,"showImageEffects":true,"showParticleSystems":true},"in2DMode":false,"pivot":{"x":-35.18240737915039,"y":4.01751708984375,"z":14.876384735107422},"rotation":{"x":0.30379340052604678,"y":-0.04342573136091232,"z":0.013866333290934563,"w":0.9516595602035523},"size":79.85286712646485,"orthographic":false}