{"cameraMode":{"drawMode":0,"name":"Shaded","section":"Shading Mode"},"sceneLighting":false,"audioPlay":false,"sceneViewState":{"showFog":true,"showMaterialUpdate":false,"showSkybox":false,"showFlares":true,"showImageEffects":true,"showParticleSystems":true},"in2DMode":false,"pivot":{"x":-12.855897903442383,"y":1.4500000476837159,"z":0.2811002731323242},"rotation":{"x":-0.06451662629842758,"y":-0.910328209400177,"z":0.37834838032722475,"w":-0.15522678196430207},"size":43.955047607421878,"orthographic":false}