{"cameraMode":{"drawMode":0,"name":"Shaded","section":"Shading Mode"},"sceneLighting":false,"audioPlay":false,"sceneViewState":{"showFog":true,"showMaterialUpdate":false,"showSkybox":false,"showFlares":true,"showImageEffects":true,"showParticleSystems":true},"in2DMode":false,"pivot":{"x":-1.125531792640686,"y":2.3036444187164308,"z":3.0248608589172365},"rotation":{"x":-0.044838156551122668,"y":-0.9541401267051697,"z":0.23136696219444276,"w":-0.1848773956298828},"size":0.00005715767838410102,"orthographic":false}