{"cameraMode":{"drawMode":0,"name":"Shaded","section":"Shading Mode"},"sceneLighting":false,"audioPlay":false,"sceneViewState":{"showFog":true,"showMaterialUpdate":false,"showSkybox":false,"showFlares":true,"showImageEffects":true,"showParticleSystems":true},"in2DMode":false,"pivot":{"x":472.2270202636719,"y":18.654300689697267,"z":634.1283569335938},"rotation":{"x":-0.009164725430309773,"y":0.9854127168655396,"z":-0.16043856739997865,"w":-0.05624447762966156},"size":23.53290367126465,"orthographic":false}