{"cameraMode":{"drawMode":0,"name":"Shaded","section":"Shading Mode"},"sceneLighting":true,"audioPlay":false,"sceneViewState":{"showFog":true,"showMaterialUpdate":false,"showSkybox":false,"showFlares":true,"showImageEffects":true,"showParticleSystems":true},"in2DMode":false,"pivot":{"x":-33.069419860839847,"y":-15.57797622680664,"z":19.120223999023439},"rotation":{"x":0.3138904273509979,"y":-0.5240964889526367,"z":0.21598485112190247,"w":0.7616750597953796},"size":103.32014465332031,"orthographic":false}