{"cameraMode":{"drawMode":0,"name":"Shaded","section":"Shading Mode"},"sceneLighting":false,"audioPlay":false,"sceneViewState":{"showFog":true,"showMaterialUpdate":false,"showSkybox":false,"showFlares":true,"showImageEffects":true,"showParticleSystems":true},"in2DMode":false,"pivot":{"x":8.609533309936524,"y":6.306105613708496,"z":-10.536396026611329},"rotation":{"x":-0.044275302439928058,"y":0.9526559114456177,"z":-0.16980960965156556,"w":-0.24834871292114259},"size":35.812381744384769,"orthographic":false}