{"cameraMode":{"drawMode":0,"name":"Shaded","section":"Shading Mode"},"sceneLighting":false,"audioPlay":false,"sceneViewState":{"showFog":true,"showMaterialUpdate":false,"showSkybox":false,"showFlares":true,"showImageEffects":true,"showParticleSystems":true},"in2DMode":false,"pivot":{"x":0.8031042814254761,"y":0.4857807159423828,"z":0.4045522212982178},"rotation":{"x":-0.17959018051624299,"y":-0.4822777509689331,"z":0.10173479467630387,"w":-0.8513575196266174},"size":3.415964126586914,"orthographic":false}