{"cameraMode":{"drawMode":0,"name":"Shaded","section":"Shading Mode"},"sceneLighting":false,"audioPlay":false,"sceneViewState":{"showFog":true,"showMaterialUpdate":false,"showSkybox":false,"showFlares":true,"showImageEffects":true,"showParticleSystems":true},"in2DMode":false,"pivot":{"x":646.4658203125,"y":27.039031982421876,"z":497.6973876953125},"rotation":{"x":-0.1126282811164856,"y":0.8375281095504761,"z":-0.18851381540298463,"w":-0.5003499984741211},"size":38.72721481323242,"orthographic":false}