{"cameraMode":{"drawMode":0,"name":"Shaded","section":"Shading Mode"},"sceneLighting":false,"audioPlay":false,"sceneViewState":{"showFog":true,"showMaterialUpdate":false,"showSkybox":false,"showFlares":true,"showImageEffects":true,"showParticleSystems":true},"in2DMode":false,"pivot":{"x":-30.639999389648439,"y":7.526611328125,"z":-0.32000017166137698},"rotation":{"x":0.44292062520980837,"y":0.09022269397974014,"z":-0.04512357339262962,"w":0.8908973932266235},"size":28.04204559326172,"orthographic":false}