{"cameraMode":{"drawMode":0,"name":"Shaded","section":"Shading Mode"},"sceneLighting":true,"audioPlay":false,"sceneViewState":{"showFog":true,"showMaterialUpdate":false,"showSkybox":false,"showFlares":true,"showImageEffects":true,"showParticleSystems":true},"in2DMode":false,"pivot":{"x":1.7931241989135743,"y":1.7432608604431153,"z":-1.4279370307922364},"rotation":{"x":0.08025664836168289,"y":0.917435884475708,"z":-0.307489812374115,"w":0.23943687975406648},"size":6.645605564117432,"orthographic":false}