{"cameraMode":{"drawMode":0,"name":"Shaded","section":"Shading Mode"},"sceneLighting":true,"audioPlay":false,"sceneViewState":{"showFog":true,"showMaterialUpdate":false,"showSkybox":false,"showFlares":true,"showImageEffects":true,"showParticleSystems":true},"in2DMode":false,"pivot":{"x":-49.52359390258789,"y":-1.0358924865722657,"z":16.517837524414064},"rotation":{"x":0.3138904273509979,"y":-0.5240964889526367,"z":0.21598485112190247,"w":0.7616750597953796},"size":56.101593017578128,"orthographic":false}