{"cameraMode":{"drawMode":0,"name":"Shaded","section":"Shading Mode"},"sceneLighting":true,"audioPlay":false,"sceneViewState":{"showFog":true,"showMaterialUpdate":false,"showSkybox":false,"showFlares":true,"showImageEffects":true,"showParticleSystems":true},"in2DMode":false,"pivot":{"x":58.19475555419922,"y":-0.9426626563072205,"z":698.5180053710938},"rotation":{"x":0.3592855632305145,"y":0.06434565782546997,"z":-0.02474200911819935,"w":0.9307214617729187},"size":29.244592666625978,"orthographic":false}