{"cameraMode":{"drawMode":0,"name":"Shaded","section":"Shading Mode"},"sceneLighting":false,"audioPlay":false,"sceneViewState":{"showFog":true,"showMaterialUpdate":false,"showSkybox":false,"showFlares":true,"showImageEffects":true,"showParticleSystems":true},"in2DMode":false,"pivot":{"x":41.42222595214844,"y":9.010000228881836,"z":76.49566650390625},"rotation":{"x":-0.009164725430309773,"y":0.9854127168655396,"z":-0.16043856739997865,"w":-0.05624447762966156},"size":8.36795711517334,"orthographic":false}