{"cameraMode":{"drawMode":0,"name":"Shaded","section":"Shading Mode"},"sceneLighting":false,"audioPlay":false,"sceneViewState":{"showFog":true,"showMaterialUpdate":false,"showSkybox":false,"showFlares":true,"showImageEffects":true,"showParticleSystems":true},"in2DMode":false,"pivot":{"x":-31.378746032714845,"y":18.20667266845703,"z":0.8596982955932617},"rotation":{"x":0.4123222231864929,"y":-0.0382433645427227,"z":0.017331216484308244,"w":0.9100790619850159},"size":151.20399475097657,"orthographic":false}