{"cameraMode":{"drawMode":0,"name":"Shaded","section":"Shading Mode"},"sceneLighting":true,"audioPlay":false,"sceneViewState":{"showFog":true,"showMaterialUpdate":false,"showSkybox":true,"showFlares":true,"showImageEffects":true,"showParticleSystems":true},"in2DMode":false,"pivot":{"x":-129.02218627929688,"y":13.382763862609864,"z":67.33592987060547},"rotation":{"x":0.2599450349807739,"y":0.6418296694755554,"z":-0.24601352214813233,"w":0.6782904863357544},"size":4.041658401489258,"orthographic":false}