{"cameraMode":{"drawMode":0,"name":"Shaded","section":"Shading Mode"},"sceneLighting":false,"audioPlay":false,"sceneViewState":{"showFog":true,"showMaterialUpdate":false,"showSkybox":false,"showFlares":true,"showImageEffects":true,"showParticleSystems":true},"in2DMode":false,"pivot":{"x":-0.017231464385986329,"y":0.5098109841346741,"z":-0.01747751235961914},"rotation":{"x":-0.3872418701648712,"y":-0.3671218454837799,"z":0.17167194187641145,"w":-0.8281403183937073},"size":36.73925018310547,"orthographic":false}