{"cameraMode":{"drawMode":0,"name":"Shaded","section":"Shading Mode"},"sceneLighting":true,"audioPlay":false,"sceneViewState":{"showFog":true,"showMaterialUpdate":false,"showSkybox":true,"showFlares":true,"showImageEffects":true,"showParticleSystems":true},"in2DMode":false,"pivot":{"x":-5.664926528930664,"y":-12.519857406616211,"z":-6.092215538024902},"rotation":{"x":-0.21374842524528504,"y":0.7378799915313721,"z":-0.2721920311450958,"w":-0.5794461369514465},"size":50.91878890991211,"orthographic":false}