{"cameraMode":{"drawMode":0,"name":"Shaded","section":"Shading Mode"},"sceneLighting":false,"audioPlay":false,"sceneViewState":{"showFog":true,"showMaterialUpdate":false,"showSkybox":false,"showFlares":true,"showImageEffects":true,"showParticleSystems":true},"in2DMode":false,"pivot":{"x":-0.06427538394927979,"y":-0.06345254182815552,"z":-0.21927380561828614},"rotation":{"x":0.10259687900543213,"y":-0.8971610069274902,"z":0.31573277711868288,"w":0.29144716262817385},"size":7.5598273277282719,"orthographic":false}