{"cameraMode":{"drawMode":0,"name":"Shaded","section":"Shading Mode"},"sceneLighting":false,"audioPlay":false,"sceneViewState":{"showFog":true,"showMaterialUpdate":false,"showSkybox":false,"showFlares":true,"showImageEffects":true,"showParticleSystems":true},"in2DMode":false,"pivot":{"x":0.10215592384338379,"y":0.32239168882369997,"z":0.43062859773635867},"rotation":{"x":-0.0869491845369339,"y":-0.6688076257705689,"z":0.07921819388866425,"w":-0.734074056148529},"size":2.400057077407837,"orthographic":false}