{"cameraMode":{"drawMode":0,"name":"Shaded","section":"Shading Mode"},"sceneLighting":false,"audioPlay":false,"sceneViewState":{"showFog":true,"showMaterialUpdate":false,"showSkybox":false,"showFlares":true,"showImageEffects":true,"showParticleSystems":true},"in2DMode":false,"pivot":{"x":2.980232238769531e-7,"y":0.5000005960464478,"z":0.01854342222213745},"rotation":{"x":0.14358998835086823,"y":-0.8504876494407654,"z":0.2993165850639343,"w":0.4079998731613159},"size":2.7938215732574465,"orthographic":false}