{"cameraMode":{"drawMode":0,"name":"Shaded","section":"Shading Mode"},"sceneLighting":false,"audioPlay":false,"sceneViewState":{"showFog":true,"showMaterialUpdate":false,"showSkybox":false,"showFlares":true,"showImageEffects":true,"showParticleSystems":true},"in2DMode":false,"pivot":{"x":-0.4541435241699219,"y":1.046994686126709,"z":-2.8593838214874269},"rotation":{"x":0.38299500942230227,"y":-0.2707325220108032,"z":0.11847425252199173,"w":0.87520432472229},"size":23.186548233032228,"orthographic":false}