{"cameraMode":{"drawMode":0,"name":"Shaded","section":"Shading Mode"},"sceneLighting":false,"audioPlay":false,"sceneViewState":{"showFog":true,"showMaterialUpdate":false,"showSkybox":false,"showFlares":true,"showImageEffects":true,"showParticleSystems":true},"in2DMode":false,"pivot":{"x":-0.896906852722168,"y":3.2949323654174806,"z":3.836399555206299},"rotation":{"x":0.2961275577545166,"y":0.3970573842525482,"z":-0.13706658780574799,"w":0.8578273057937622},"size":9.87554931640625,"orthographic":false}