{"cameraMode":{"drawMode":0,"name":"Shaded","section":"Shading Mode"},"sceneLighting":false,"audioPlay":false,"sceneViewState":{"showFog":true,"showMaterialUpdate":false,"showSkybox":false,"showFlares":true,"showImageEffects":true,"showParticleSystems":true},"in2DMode":false,"pivot":{"x":-3.4120306968688967,"y":2.395127296447754,"z":-1.6259307861328126},"rotation":{"x":0.2854347229003906,"y":0.12177606672048569,"z":-0.036591384559869769,"w":0.9499256014823914},"size":25.889385223388673,"orthographic":false}