{"cameraMode":{"drawMode":0,"name":"Shaded","section":"Shading Mode"},"sceneLighting":false,"audioPlay":false,"sceneViewState":{"showFog":true,"showMaterialUpdate":false,"showSkybox":false,"showFlares":true,"showImageEffects":true,"showParticleSystems":true},"in2DMode":false,"pivot":{"x":3.2591733932495119,"y":2.4137611389160158,"z":0.06227302551269531},"rotation":{"x":-0.1119859591126442,"y":-0.8424599766731262,"z":0.4906715452671051,"w":-0.19227492809295655},"size":43.31575012207031,"orthographic":false}