{"cameraMode":{"drawMode":0,"name":"Shaded","section":"Shading Mode"},"sceneLighting":true,"audioPlay":false,"sceneViewState":{"showFog":true,"showMaterialUpdate":false,"showSkybox":false,"showFlares":true,"showImageEffects":true,"showParticleSystems":true},"in2DMode":false,"pivot":{"x":11.960000038146973,"y":5.279999732971191,"z":-2.450000047683716},"rotation":{"x":0.007525678724050522,"y":-0.9925498366355896,"z":0.08596861362457276,"w":0.0868460014462471},"size":2.7562952041625978,"orthographic":false}