{"cameraMode":{"drawMode":0,"name":"Shaded","section":"Shading Mode"},"sceneLighting":false,"audioPlay":false,"sceneViewState":{"showFog":true,"showMaterialUpdate":false,"showSkybox":false,"showFlares":true,"showImageEffects":true,"showParticleSystems":true},"in2DMode":false,"pivot":{"x":-2.1792948246002198e-7,"y":0.0071258582174777988,"z":-0.0672214925289154},"rotation":{"x":0.11163822561502457,"y":-0.8715013265609741,"z":0.23360995948314668,"w":0.4164738357067108},"size":0.6696723103523254,"orthographic":false}