{"cameraMode":{"drawMode":0,"name":"Shaded","section":"Shading Mode"},"sceneLighting":false,"audioPlay":false,"sceneViewState":{"showFog":true,"showMaterialUpdate":false,"showSkybox":false,"showFlares":true,"showImageEffects":true,"showParticleSystems":true},"in2DMode":false,"pivot":{"x":-40.272090911865237,"y":21.234466552734376,"z":11.033828735351563},"rotation":{"x":0.4218501150608063,"y":-0.14847351610660554,"z":0.0702470913529396,"w":0.8916724324226379},"size":122.19129943847656,"orthographic":false}