{"cameraMode":{"drawMode":0,"name":"Shaded","section":"Shading Mode"},"sceneLighting":true,"audioPlay":false,"sceneViewState":{"showFog":true,"showMaterialUpdate":false,"showSkybox":false,"showFlares":true,"showImageEffects":true,"showParticleSystems":true},"in2DMode":false,"pivot":{"x":11.960000038146973,"y":4.869999885559082,"z":-2.450000047683716},"rotation":{"x":-0.0006013407255522907,"y":-0.8948422074317932,"z":0.44658350944519045,"w":-0.0010757832787930966},"size":22.0,"orthographic":false}