{"cameraMode":{"drawMode":0,"name":"Shaded","section":"Shading Mode"},"sceneLighting":true,"audioPlay":false,"sceneViewState":{"showFog":true,"showMaterialUpdate":false,"showSkybox":true,"showFlares":true,"showImageEffects":true,"showParticleSystems":true},"in2DMode":false,"pivot":{"x":-215.11920166015626,"y":12.883880615234375,"z":195.22439575195313},"rotation":{"x":-0.2103525847196579,"y":0.7724614143371582,"z":-0.5059675574302673,"w":-0.32109588384628298},"size":257.6490783691406,"orthographic":false}