{"cameraMode":{"drawMode":0,"name":"Shaded","section":"Shading Mode"},"sceneLighting":true,"audioPlay":false,"sceneViewState":{"showFog":true,"showMaterialUpdate":false,"showSkybox":false,"showFlares":true,"showImageEffects":true,"showParticleSystems":true},"in2DMode":false,"pivot":{"x":11.960000038146973,"y":5.279999732971191,"z":-2.450000047683716},"rotation":{"x":-0.018375515937805177,"y":-0.9218637347221375,"z":0.3847670257091522,"w":-0.04403264820575714},"size":2.7562952041625978,"orthographic":false}