{"cameraMode":{"drawMode":0,"name":"Shaded","section":"Shading Mode"},"sceneLighting":true,"audioPlay":false,"sceneViewState":{"showFog":true,"showMaterialUpdate":false,"showSkybox":true,"showFlares":true,"showImageEffects":true,"showParticleSystems":true},"in2DMode":false,"pivot":{"x":457.1480712890625,"y":493.7962951660156,"z":-58.8203125},"rotation":{"x":-0.0014950918266549707,"y":0.08091141283512116,"z":0.00012137062003603205,"w":0.9967206716537476},"size":1030.65234375,"orthographic":true}