{"cameraMode":{"drawMode":0,"name":"Shaded","section":"Shading Mode"},"sceneLighting":false,"audioPlay":false,"sceneViewState":{"showFog":true,"showMaterialUpdate":false,"showSkybox":false,"showFlares":true,"showImageEffects":true,"showParticleSystems":true},"in2DMode":false,"pivot":{"x":12.915959358215332,"y":2.9248440265655519,"z":-30.820547103881837},"rotation":{"x":0.26528438925743105,"y":0.29887962341308596,"z":-0.08686301112174988,"w":0.9125663638114929},"size":13.535964012145996,"orthographic":false}