{"cameraMode":{"drawMode":0,"name":"Shaded","section":"Shading Mode"},"sceneLighting":false,"audioPlay":false,"sceneViewState":{"showFog":true,"showMaterialUpdate":false,"showSkybox":false,"showFlares":true,"showImageEffects":true,"showParticleSystems":true},"in2DMode":false,"pivot":{"x":14.680000305175782,"y":4.96999979019165,"z":6.079999923706055},"rotation":{"x":0.005981105845421553,"y":-0.07763085514307022,"z":0.0004568567674141377,"w":0.9970291256904602},"size":31.673154830932618,"orthographic":false}