{"cameraMode":{"drawMode":0,"name":"Shaded","section":"Shading Mode"},"sceneLighting":false,"audioPlay":false,"sceneViewState":{"showFog":true,"showMaterialUpdate":false,"showSkybox":false,"showFlares":true,"showImageEffects":true,"showParticleSystems":true},"in2DMode":false,"pivot":{"x":-0.7610876560211182,"y":2.5394883155822756,"z":1.9518210887908936},"rotation":{"x":0.2854347229003906,"y":0.12177606672048569,"z":-0.036591384559869769,"w":0.9499256014823914},"size":6.652386665344238,"orthographic":false}