{"cameraMode":{"drawMode":0,"name":"Shaded","section":"Shading Mode"},"sceneLighting":false,"audioPlay":false,"sceneViewState":{"showFog":true,"showMaterialUpdate":false,"showSkybox":false,"showFlares":true,"showImageEffects":true,"showParticleSystems":true},"in2DMode":false,"pivot":{"x":-3.5568044185638429,"y":0.2643754482269287,"z":-2.50250244140625},"rotation":{"x":-0.20039528608322144,"y":-0.5343634486198425,"z":0.13212576508522035,"w":-0.810461163520813},"size":9.108806610107422,"orthographic":false}