{"cameraMode":{"drawMode":0,"name":"Shaded","section":"Shading Mode"},"sceneLighting":false,"audioPlay":false,"sceneViewState":{"showFog":true,"showMaterialUpdate":false,"showSkybox":false,"showFlares":true,"showImageEffects":true,"showParticleSystems":true},"in2DMode":false,"pivot":{"x":0.18749094009399415,"y":-0.3670482635498047,"z":-1.2950057983398438},"rotation":{"x":-0.15093393623828889,"y":-0.10595902800559998,"z":0.01627395488321781,"w":-0.982714831829071},"size":16.460969924926759,"orthographic":false}