{"cameraMode":{"drawMode":0,"name":"Shaded","section":"Shading Mode"},"sceneLighting":true,"audioPlay":false,"sceneViewState":{"showFog":true,"showMaterialUpdate":false,"showSkybox":false,"showFlares":true,"showImageEffects":true,"showParticleSystems":true},"in2DMode":false,"pivot":{"x":-88.9476547241211,"y":4.369863986968994,"z":67.977294921875},"rotation":{"x":-0.054222967475652698,"y":0.9454694986343384,"z":-0.2134038656949997,"w":-0.24010519683361054},"size":6.741660118103027,"orthographic":false}