{"cameraMode":{"drawMode":0,"name":"Shaded","section":"Shading Mode"},"sceneLighting":true,"audioPlay":false,"sceneViewState":{"showFog":true,"showMaterialUpdate":false,"showSkybox":true,"showFlares":true,"showImageEffects":true,"showParticleSystems":true},"in2DMode":false,"pivot":{"x":1220.0120849609375,"y":621.1548461914063,"z":-6.4657440185546879},"rotation":{"x":0.07193124294281006,"y":-0.013464649207890034,"z":0.0009711533784866333,"w":0.9973199963569641},"size":189.77023315429688,"orthographic":false}