{"cameraMode":{"drawMode":0,"name":"Shaded","section":"Shading Mode"},"sceneLighting":true,"audioPlay":false,"sceneViewState":{"showFog":true,"showMaterialUpdate":false,"showSkybox":true,"showFlares":true,"showImageEffects":true,"showParticleSystems":true},"in2DMode":false,"pivot":{"x":7.062282562255859,"y":-65.05995178222656,"z":-30.698118209838868},"rotation":{"x":0.22247326374053956,"y":0.7764235138893127,"z":-0.43981751799583437,"w":0.3927328884601593},"size":106.8774642944336,"orthographic":false}