{"cameraMode":{"drawMode":0,"name":"Shaded","section":"Shading Mode"},"sceneLighting":true,"audioPlay":false,"sceneViewState":{"showFog":true,"showMaterialUpdate":false,"showSkybox":false,"showFlares":true,"showImageEffects":true,"showParticleSystems":true},"in2DMode":false,"pivot":{"x":11.960000038146973,"y":4.869999885559082,"z":-2.450000047683716},"rotation":{"x":0.12853871285915376,"y":-0.8651345372200012,"z":0.28190016746520998,"w":0.3944564461708069},"size":7.286242485046387,"orthographic":false}