{"cameraMode":{"drawMode":0,"name":"Shaded","section":"Shading Mode"},"sceneLighting":false,"audioPlay":false,"sceneViewState":{"showFog":true,"showMaterialUpdate":false,"showSkybox":false,"showFlares":true,"showImageEffects":true,"showParticleSystems":true},"in2DMode":false,"pivot":{"x":0.0000013709068298339844,"y":0.0,"z":-0.0000019073486328125},"rotation":{"x":-0.16429509222507478,"y":0.8326666355133057,"z":-0.41088324785232546,"w":-0.3329519033432007},"size":2.0618622303009035,"orthographic":false}