{"cameraMode":{"drawMode":0,"name":"Shaded","section":"Shading Mode"},"sceneLighting":true,"audioPlay":false,"sceneViewState":{"showFog":true,"showMaterialUpdate":false,"showSkybox":false,"showFlares":true,"showImageEffects":true,"showParticleSystems":true},"in2DMode":false,"pivot":{"x":17.24032974243164,"y":2.9605209827423097,"z":-3.612553834915161},"rotation":{"x":-0.13870471715927125,"y":-0.8125000596046448,"z":0.21523793041706086,"w":-0.5240350365638733},"size":11.581033706665039,"orthographic":false}