{"cameraMode":{"drawMode":0,"name":"Shaded","section":"Shading Mode"},"sceneLighting":false,"audioPlay":false,"sceneViewState":{"showFog":true,"showMaterialUpdate":false,"showSkybox":false,"showFlares":true,"showImageEffects":true,"showParticleSystems":true},"in2DMode":false,"pivot":{"x":-101.75958251953125,"y":-15.973834037780762,"z":95.46947479248047},"rotation":{"x":0.3281722664833069,"y":0.38694462180137637,"z":-0.14969532191753388,"w":0.8486948609352112},"size":43.718746185302737,"orthographic":false}