{"cameraMode":{"drawMode":0,"name":"Shaded","section":"Shading Mode"},"sceneLighting":true,"audioPlay":false,"sceneViewState":{"showFog":true,"showMaterialUpdate":false,"showSkybox":false,"showFlares":true,"showImageEffects":true,"showParticleSystems":true},"in2DMode":false,"pivot":{"x":13.149999618530274,"y":9.25139331817627,"z":10.862361907958985},"rotation":{"x":0.10327126830816269,"y":-0.847926914691925,"z":0.17939457297325135,"w":0.48807185888290408},"size":67.54369354248047,"orthographic":false}