{"cameraMode":{"drawMode":0,"name":"Shaded","section":"Shading Mode"},"sceneLighting":false,"audioPlay":false,"sceneViewState":{"showFog":true,"showMaterialUpdate":false,"showSkybox":false,"showFlares":true,"showImageEffects":true,"showParticleSystems":true},"in2DMode":false,"pivot":{"x":0.30849266052246096,"y":1.0469945669174195,"z":-5.995580673217773},"rotation":{"x":0.38299500942230227,"y":-0.2707325220108032,"z":0.11847425252199173,"w":0.87520432472229},"size":18.6837100982666,"orthographic":false}