{"cameraMode":{"drawMode":0,"name":"Shaded","section":"Shading Mode"},"sceneLighting":false,"audioPlay":false,"sceneViewState":{"showFog":true,"showMaterialUpdate":false,"showSkybox":false,"showFlares":true,"showImageEffects":true,"showParticleSystems":true},"in2DMode":false,"pivot":{"x":-2.2351741790771485e-7,"y":1.8073186874389649,"z":0.09749716520309448},"rotation":{"x":-0.008648977614939213,"y":-0.9757815599441528,"z":0.2150275707244873,"w":-0.03925121948122978},"size":0.9172608852386475,"orthographic":false}