{"cameraMode":{"drawMode":0,"name":"Shaded","section":"Shading Mode"},"sceneLighting":true,"audioPlay":false,"sceneViewState":{"showFog":true,"showMaterialUpdate":false,"showSkybox":false,"showFlares":true,"showImageEffects":true,"showParticleSystems":true},"in2DMode":false,"pivot":{"x":-0.012637615203857422,"y":0.1886955201625824,"z":-0.1851704716682434},"rotation":{"x":-0.0834832713007927,"y":-0.8948647975921631,"z":0.18876734375953675,"w":-0.3957507908344269},"size":5.225804805755615,"orthographic":false}