{"cameraMode":{"drawMode":0,"name":"Shaded","section":"Shading Mode"},"sceneLighting":false,"audioPlay":false,"sceneViewState":{"showFog":true,"showMaterialUpdate":false,"showSkybox":false,"showFlares":true,"showImageEffects":true,"showParticleSystems":true},"in2DMode":false,"pivot":{"x":48.99264907836914,"y":-22.115163803100587,"z":-2.2313435077667238},"rotation":{"x":0.1674383580684662,"y":0.7163817286491394,"z":-0.18397466838359834,"w":0.6518762111663818},"size":54.468406677246097,"orthographic":false}