{"cameraMode":{"drawMode":0,"name":"Shaded","section":"Shading Mode"},"sceneLighting":false,"audioPlay":false,"sceneViewState":{"showFog":true,"showMaterialUpdate":false,"showSkybox":false,"showFlares":true,"showImageEffects":true,"showParticleSystems":true},"in2DMode":false,"pivot":{"x":-59.78462219238281,"y":-16.59557342529297,"z":-15.708732604980469},"rotation":{"x":-0.04331718385219574,"y":-0.8594528436660767,"z":0.5040287375450134,"w":-0.07389320433139801},"size":151.43353271484376,"orthographic":false}