{"cameraMode":{"drawMode":0,"name":"Shaded","section":"Shading Mode"},"sceneLighting":false,"audioPlay":false,"sceneViewState":{"showFog":true,"showMaterialUpdate":false,"showSkybox":false,"showFlares":true,"showImageEffects":true,"showParticleSystems":true},"in2DMode":false,"pivot":{"x":0.0,"y":0.3348950147628784,"z":-1.3597309589385987e-7},"rotation":{"x":-0.4117591679096222,"y":-0.5091167688369751,"z":0.30269527435302737,"w":-0.6925646066665649},"size":1.6900608539581299,"orthographic":false}