{"cameraMode":{"drawMode":0,"name":"Shaded","section":"Shading Mode"},"sceneLighting":true,"audioPlay":false,"sceneViewState":{"showFog":true,"showMaterialUpdate":false,"showSkybox":false,"showFlares":true,"showImageEffects":true,"showParticleSystems":true},"in2DMode":false,"pivot":{"x":-29.999998092651368,"y":7.035336017608643,"z":-0.7090883255004883},"rotation":{"x":0.2385849803686142,"y":-0.6923629641532898,"z":0.2629814147949219,"w":0.6281334757804871},"size":162.71131896972657,"orthographic":false}