{"cameraMode":{"drawMode":0,"name":"Shaded","section":"Shading Mode"},"sceneLighting":false,"audioPlay":false,"sceneViewState":{"showFog":true,"showMaterialUpdate":false,"showSkybox":false,"showFlares":true,"showImageEffects":true,"showParticleSystems":true},"in2DMode":false,"pivot":{"x":19.642498016357423,"y":0.26437437534332278,"z":-0.26100826263427737},"rotation":{"x":-0.20039528608322144,"y":-0.5343634486198425,"z":0.13212576508522035,"w":-0.810461163520813},"size":9.108771324157715,"orthographic":false}