{"cameraMode":{"drawMode":0,"name":"Shaded","section":"Shading Mode"},"sceneLighting":false,"audioPlay":false,"sceneViewState":{"showFog":true,"showMaterialUpdate":false,"showSkybox":false,"showFlares":true,"showImageEffects":true,"showParticleSystems":true},"in2DMode":false,"pivot":{"x":0.08639335632324219,"y":-0.5389523506164551,"z":-0.02351200580596924},"rotation":{"x":-0.13199028372764588,"y":-0.8655276894569397,"z":0.3750515282154083,"w":-0.30459973216056826},"size":1.9451014995574952,"orthographic":false}