{"cameraMode":{"drawMode":0,"name":"Shaded","section":"Shading Mode"},"sceneLighting":true,"audioPlay":false,"sceneViewState":{"showFog":true,"showMaterialUpdate":false,"showSkybox":false,"showFlares":true,"showImageEffects":true,"showParticleSystems":true},"in2DMode":false,"pivot":{"x":-30.895030975341798,"y":9.82921028137207,"z":2.8386898040771486},"rotation":{"x":-0.24308159947395326,"y":0.7218002676963806,"z":-0.30764129757881167,"w":-0.5703282356262207},"size":170.53919982910157,"orthographic":false}