{"cameraMode":{"drawMode":0,"name":"Shaded","section":"Shading Mode"},"sceneLighting":false,"audioPlay":false,"sceneViewState":{"showFog":true,"showMaterialUpdate":false,"showSkybox":false,"showFlares":true,"showImageEffects":true,"showParticleSystems":true},"in2DMode":false,"pivot":{"x":3.4130401611328127,"y":1.565995216369629,"z":0.021867752075195314},"rotation":{"x":-0.32197514176368716,"y":0.02155713364481926,"z":-0.007344539277255535,"w":-0.946492612361908},"size":15.77051067352295,"orthographic":false}