{"cameraMode":{"drawMode":0,"name":"Shaded","section":"Shading Mode"},"sceneLighting":false,"audioPlay":false,"sceneViewState":{"showFog":true,"showMaterialUpdate":false,"showSkybox":false,"showFlares":true,"showImageEffects":true,"showParticleSystems":true},"in2DMode":false,"pivot":{"x":-0.0001575946807861328,"y":0.5661777853965759,"z":-0.001479029655456543},"rotation":{"x":0.1928272843360901,"y":-0.7159257531166077,"z":0.21746936440467835,"w":0.6348216533660889},"size":7.634804725646973,"orthographic":false}