{"cameraMode":{"drawMode":0,"name":"Shaded","section":"Shading Mode"},"sceneLighting":false,"audioPlay":false,"sceneViewState":{"showFog":true,"showMaterialUpdate":false,"showSkybox":false,"showFlares":true,"showImageEffects":true,"showParticleSystems":true},"in2DMode":false,"pivot":{"x":0.38000059127807619,"y":-8.193671226501465,"z":0.0},"rotation":{"x":0.2854347229003906,"y":0.12177606672048569,"z":-0.036591384559869769,"w":0.9499256014823914},"size":53.459293365478519,"orthographic":false}