{"cameraMode":{"drawMode":0,"name":"Shaded","section":"Shading Mode"},"sceneLighting":false,"audioPlay":false,"sceneViewState":{"showFog":true,"showMaterialUpdate":false,"showSkybox":false,"showFlares":true,"showImageEffects":true,"showParticleSystems":true},"in2DMode":false,"pivot":{"x":-0.13486623764038087,"y":0.6367158889770508,"z":0.010895371437072754},"rotation":{"x":0.13516682386398316,"y":-0.017247846350073816,"z":-0.0023501089308410885,"w":-0.9906719923019409},"size":1.2000572681427003,"orthographic":false}