{"cameraMode":{"drawMode":0,"name":"Shaded","section":"Shading Mode"},"sceneLighting":false,"audioPlay":false,"sceneViewState":{"showFog":true,"showMaterialUpdate":false,"showSkybox":false,"showFlares":true,"showImageEffects":true,"showParticleSystems":true},"in2DMode":false,"pivot":{"x":0.012935400009155274,"y":0.05687904357910156,"z":0.21003341674804688},"rotation":{"x":-0.3654724061489105,"y":-0.11904608458280564,"z":0.04719087854027748,"w":-0.9219797253608704},"size":1.7657251358032227,"orthographic":false}