{"cameraMode":{"drawMode":0,"name":"Shaded","section":"Shading Mode"},"sceneLighting":false,"audioPlay":false,"sceneViewState":{"showFog":true,"showMaterialUpdate":false,"showSkybox":false,"showFlares":true,"showImageEffects":true,"showParticleSystems":true},"in2DMode":false,"pivot":{"x":11.824423789978028,"y":-7.369638919830322,"z":2.6578125953674318},"rotation":{"x":0.08715523779392243,"y":-0.8585957288742065,"z":0.15570461750030518,"w":0.48059701919555666},"size":15.74903678894043,"orthographic":false}