{"cameraMode":{"drawMode":0,"name":"Shaded","section":"Shading Mode"},"sceneLighting":false,"audioPlay":false,"sceneViewState":{"showFog":true,"showMaterialUpdate":false,"showSkybox":false,"showFlares":true,"showImageEffects":true,"showParticleSystems":true},"in2DMode":false,"pivot":{"x":-0.7134218215942383,"y":5.7786078453063969,"z":1.6816890239715577},"rotation":{"x":0.049815211445093158,"y":0.417204350233078,"z":0.0228877030313015,"w":-0.9071597456932068},"size":6.602063179016113,"orthographic":false}