{"cameraMode":{"drawMode":0,"name":"Shaded","section":"Shading Mode"},"sceneLighting":true,"audioPlay":false,"sceneViewState":{"showFog":true,"showMaterialUpdate":false,"showSkybox":false,"showFlares":true,"showImageEffects":true,"showParticleSystems":true},"in2DMode":false,"pivot":{"x":-104.64140319824219,"y":21.372114181518556,"z":77.95477294921875},"rotation":{"x":-0.31780341267585757,"y":-0.014623595401644707,"z":0.005088846664875746,"w":-0.9482089877128601},"size":2.520289897918701,"orthographic":false}