{"cameraMode":{"drawMode":0,"name":"Shaded","section":"Shading Mode"},"sceneLighting":true,"audioPlay":false,"sceneViewState":{"showFog":true,"showMaterialUpdate":false,"showSkybox":false,"showFlares":true,"showImageEffects":true,"showParticleSystems":true},"in2DMode":false,"pivot":{"x":0.2723274230957031,"y":-2.296092987060547,"z":1.5868701934814454},"rotation":{"x":-0.1985331028699875,"y":-0.7937309741973877,"z":0.33970606327056887,"w":-0.4638749361038208},"size":14.851044654846192,"orthographic":false}