{"cameraMode":{"drawMode":0,"name":"Shaded","section":"Shading Mode"},"sceneLighting":false,"audioPlay":false,"sceneViewState":{"showFog":true,"showMaterialUpdate":false,"showSkybox":false,"showFlares":true,"showImageEffects":true,"showParticleSystems":true},"in2DMode":false,"pivot":{"x":0.00001417789826518856,"y":9.999996185302735,"z":-0.000010478548574610613},"rotation":{"x":0.480808287858963,"y":0.2553648054599762,"z":-0.14873139560222627,"w":0.8255251049995422},"size":0.00005628889994113706,"orthographic":false}