{"cameraMode":{"drawMode":0,"name":"Shaded","section":"Shading Mode"},"sceneLighting":true,"audioPlay":false,"sceneViewState":{"showFog":true,"showMaterialUpdate":false,"showSkybox":true,"showFlares":true,"showImageEffects":true,"showParticleSystems":true},"in2DMode":false,"pivot":{"x":-92.24287414550781,"y":-21.73200225830078,"z":37.216590881347659},"rotation":{"x":-0.02821887843310833,"y":0.9132665991783142,"z":-0.40128517150878909,"w":-0.0642198696732521},"size":95.1400146484375,"orthographic":false}