{"cameraMode":{"drawMode":0,"name":"Shaded","section":"Shading Mode"},"sceneLighting":false,"audioPlay":false,"sceneViewState":{"showFog":true,"showMaterialUpdate":false,"showSkybox":false,"showFlares":true,"showImageEffects":true,"showParticleSystems":true},"in2DMode":false,"pivot":{"x":0.010142087936401368,"y":4.580835342407227,"z":0.0034132003784179689},"rotation":{"x":0.1928272843360901,"y":-0.7159257531166077,"z":0.21746936440467835,"w":0.6348216533660889},"size":22.404132843017579,"orthographic":false}