{"cameraMode":{"drawMode":0,"name":"Shaded","section":"Shading Mode"},"sceneLighting":false,"audioPlay":false,"sceneViewState":{"showFog":true,"showMaterialUpdate":false,"showSkybox":false,"showFlares":true,"showImageEffects":true,"showParticleSystems":true},"in2DMode":false,"pivot":{"x":1.4925708770751954,"y":-1.0135669708251954,"z":0.6281099319458008},"rotation":{"x":0.10259687900543213,"y":-0.8971610069274902,"z":0.31573277711868288,"w":0.29144716262817385},"size":13.618186950683594,"orthographic":false}