{"cameraMode":{"drawMode":0,"name":"Shaded","section":"Shading Mode"},"sceneLighting":false,"audioPlay":false,"sceneViewState":{"showFog":true,"showMaterialUpdate":false,"showSkybox":false,"showFlares":true,"showImageEffects":true,"showParticleSystems":true},"in2DMode":false,"pivot":{"x":-110.41577911376953,"y":-1.8075177669525147,"z":78.12459564208985},"rotation":{"x":0.22227896749973298,"y":-0.6780523657798767,"z":0.22719115018844605,"w":0.6629820466041565},"size":44.14652633666992,"orthographic":false}