{"cameraMode":{"drawMode":0,"name":"Shaded","section":"Shading Mode"},"sceneLighting":true,"audioPlay":false,"sceneViewState":{"showFog":true,"showMaterialUpdate":false,"showSkybox":true,"showFlares":true,"showImageEffects":true,"showParticleSystems":true},"in2DMode":false,"pivot":{"x":574.1475219726563,"y":445.3589172363281,"z":2.599954605102539},"rotation":{"x":0.029723064973950387,"y":0.904036283493042,"z":-0.42174622416496279,"w":0.06386706233024597},"size":44.49215316772461,"orthographic":false}