{"cameraMode":{"drawMode":0,"name":"Shaded","section":"Shading Mode"},"sceneLighting":true,"audioPlay":false,"sceneViewState":{"showFog":true,"showMaterialUpdate":false,"showSkybox":false,"showFlares":true,"showImageEffects":true,"showParticleSystems":true},"in2DMode":false,"pivot":{"x":11.971512794494629,"y":4.869999885559082,"z":-2.450000286102295},"rotation":{"x":0.17384453117847444,"y":-0.8173145651817322,"z":0.44915732741355898,"w":0.3163416087627411},"size":12.025086402893067,"orthographic":false}