{"cameraMode":{"drawMode":0,"name":"Shaded","section":"Shading Mode"},"sceneLighting":false,"audioPlay":false,"sceneViewState":{"showFog":true,"showMaterialUpdate":false,"showSkybox":false,"showFlares":true,"showImageEffects":true,"showParticleSystems":true},"in2DMode":false,"pivot":{"x":0.04030328989028931,"y":2.531872272491455,"z":5.960464477539063e-8},"rotation":{"x":-0.06451662629842758,"y":-0.910328209400177,"z":0.37834838032722475,"w":-0.15522678196430207},"size":11.053833961486817,"orthographic":false}