{"cameraMode":{"drawMode":0,"name":"Shaded","section":"Shading Mode"},"sceneLighting":false,"audioPlay":false,"sceneViewState":{"showFog":true,"showMaterialUpdate":false,"showSkybox":false,"showFlares":true,"showImageEffects":true,"showParticleSystems":true},"in2DMode":false,"pivot":{"x":0.0000011324882507324219,"y":0.2673195004463196,"z":0.15673887729644776},"rotation":{"x":0.14358998835086823,"y":-0.8504876494407654,"z":0.2993165850639343,"w":0.4079998731613159},"size":2.4589569568634035,"orthographic":false}