{"cameraMode":{"drawMode":0,"name":"Shaded","section":"Shading Mode"},"sceneLighting":true,"audioPlay":false,"sceneViewState":{"showFog":true,"showMaterialUpdate":false,"showSkybox":true,"showFlares":true,"showImageEffects":true,"showParticleSystems":true},"in2DMode":false,"pivot":{"x":-71.68344116210938,"y":-10.547319412231446,"z":21.513246536254884},"rotation":{"x":0.03490177541971207,"y":0.9288700819015503,"z":-0.35761287808418276,"w":0.09090270847082138},"size":29.938961029052736,"orthographic":false}