{"cameraMode":{"drawMode":0,"name":"Shaded","section":"Shading Mode"},"sceneLighting":false,"audioPlay":false,"sceneViewState":{"showFog":true,"showMaterialUpdate":false,"showSkybox":false,"showFlares":true,"showImageEffects":true,"showParticleSystems":true},"in2DMode":false,"pivot":{"x":-0.7912527322769165,"y":1.289790391921997,"z":1.9008673429489136},"rotation":{"x":0.24147877097129823,"y":0.2090863734483719,"z":-0.05336557328701019,"w":0.94610995054245},"size":3.924067258834839,"orthographic":false}