{"cameraMode":{"drawMode":0,"name":"Shaded","section":"Shading Mode"},"sceneLighting":true,"audioPlay":false,"sceneViewState":{"showFog":true,"showMaterialUpdate":false,"showSkybox":false,"showFlares":true,"showImageEffects":true,"showParticleSystems":true},"in2DMode":false,"pivot":{"x":11.960000038146973,"y":5.279999732971191,"z":-2.450000047683716},"rotation":{"x":0.1010412946343422,"y":-0.12354137748479843,"z":0.012609831057488919,"w":0.9871293902397156},"size":2.7562952041625978,"orthographic":false}