{"cameraMode":{"drawMode":0,"name":"Shaded","section":"Shading Mode"},"sceneLighting":false,"audioPlay":false,"sceneViewState":{"showFog":true,"showMaterialUpdate":false,"showSkybox":false,"showFlares":true,"showImageEffects":true,"showParticleSystems":true},"in2DMode":false,"pivot":{"x":-20.343093872070314,"y":-8.732177734375,"z":0.7289285659790039},"rotation":{"x":0.3094402253627777,"y":0.6026684045791626,"z":-0.2730468809604645,"w":0.6829955577850342},"size":73.1256332397461,"orthographic":false}