{"cameraMode":{"drawMode":0,"name":"Shaded","section":"Shading Mode"},"sceneLighting":true,"audioPlay":false,"sceneViewState":{"showFog":true,"showMaterialUpdate":false,"showSkybox":true,"showFlares":true,"showImageEffects":true,"showParticleSystems":true},"in2DMode":false,"pivot":{"x":172.8866729736328,"y":33.58662796020508,"z":87.6205062866211},"rotation":{"x":0.11971685290336609,"y":0.0077246311120688919,"z":-0.0009820597479119897,"w":0.9928647875785828},"size":340.15625,"orthographic":false}