{"cameraMode":{"drawMode":0,"name":"Shaded","section":"Shading Mode"},"sceneLighting":false,"audioPlay":false,"sceneViewState":{"showFog":true,"showMaterialUpdate":false,"showSkybox":false,"showFlares":true,"showImageEffects":true,"showParticleSystems":true},"in2DMode":false,"pivot":{"x":-0.06062450259923935,"y":0.24624407291412354,"z":1.3936231136322022},"rotation":{"x":-0.36710062623023989,"y":0.006131831556558609,"z":-0.002418770920485258,"w":-0.9301599264144898},"size":2.7772376537323,"orthographic":false}