{"cameraMode":{"drawMode":0,"name":"Shaded","section":"Shading Mode"},"sceneLighting":true,"audioPlay":false,"sceneViewState":{"showFog":true,"showMaterialUpdate":false,"showSkybox":false,"showFlares":true,"showImageEffects":true,"showParticleSystems":true},"in2DMode":false,"pivot":{"x":-31.718494415283204,"y":0.8383150100708008,"z":2.011866331100464},"rotation":{"x":0.2591325044631958,"y":0.5837463736534119,"z":-0.20386777818202973,"w":0.7419816851615906},"size":22.0,"orthographic":false}