{"cameraMode":{"drawMode":0,"name":"Shaded","section":"Shading Mode"},"sceneLighting":true,"audioPlay":false,"sceneViewState":{"showFog":true,"showMaterialUpdate":false,"showSkybox":false,"showFlares":true,"showImageEffects":true,"showParticleSystems":true},"in2DMode":false,"pivot":{"x":-125.52267456054688,"y":10.201229095458985,"z":68.75169372558594},"rotation":{"x":-0.1193327084183693,"y":0.8621633052825928,"z":-0.23856736719608308,"w":-0.43088746070861819},"size":0.9254747629165649,"orthographic":false}