{"cameraMode":{"drawMode":0,"name":"Shaded","section":"Shading Mode"},"sceneLighting":false,"audioPlay":false,"sceneViewState":{"showFog":true,"showMaterialUpdate":false,"showSkybox":false,"showFlares":true,"showImageEffects":true,"showParticleSystems":true},"in2DMode":false,"pivot":{"x":-2.440000057220459,"y":1.9500000476837159,"z":-4.869999885559082},"rotation":{"x":-0.02821887843310833,"y":0.9132665991783142,"z":-0.40128517150878909,"w":-0.0642198696732521},"size":4.001037120819092,"orthographic":false}