{"cameraMode":{"drawMode":0,"name":"Shaded","section":"Shading Mode"},"sceneLighting":false,"audioPlay":false,"sceneViewState":{"showFog":true,"showMaterialUpdate":false,"showSkybox":false,"showFlares":true,"showImageEffects":true,"showParticleSystems":true},"in2DMode":false,"pivot":{"x":-21.54058837890625,"y":1.6858736276626588,"z":-7.216386795043945},"rotation":{"x":-0.00951813068240881,"y":-0.8974815011024475,"z":-0.019390245899558069,"w":0.4405236840248108},"size":2.0609636306762697,"orthographic":false}