{"cameraMode":{"drawMode":0,"name":"Shaded","section":"Shading Mode"},"sceneLighting":false,"audioPlay":false,"sceneViewState":{"showFog":true,"showMaterialUpdate":false,"showSkybox":false,"showFlares":true,"showImageEffects":true,"showParticleSystems":true},"in2DMode":false,"pivot":{"x":-24.364120483398439,"y":-3.1485047340393068,"z":-2.6391334533691408},"rotation":{"x":0.0625784769654274,"y":-0.7333347201347351,"z":0.06781479716300965,"w":0.6737308502197266},"size":37.30939483642578,"orthographic":false}