{"cameraMode":{"drawMode":0,"name":"Shaded","section":"Shading Mode"},"sceneLighting":false,"audioPlay":false,"sceneViewState":{"showFog":true,"showMaterialUpdate":false,"showSkybox":false,"showFlares":true,"showImageEffects":true,"showParticleSystems":true},"in2DMode":false,"pivot":{"x":10.739999771118164,"y":5.139999866485596,"z":2.640000104904175},"rotation":{"x":0.04930291697382927,"y":0.936164915561676,"z":-0.3159603476524353,"w":0.1460839807987213},"size":4.041658401489258,"orthographic":false}