{"cameraMode":{"drawMode":0,"name":"Shaded","section":"Shading Mode"},"sceneLighting":true,"audioPlay":false,"sceneViewState":{"showFog":true,"showMaterialUpdate":false,"showSkybox":true,"showFlares":true,"showImageEffects":true,"showParticleSystems":true},"in2DMode":false,"pivot":{"x":503.4287109375,"y":439.7019958496094,"z":-274.82421875},"rotation":{"x":-0.0057897865772247318,"y":-0.2623872756958008,"z":-0.0015743897529318929,"w":0.9649443030357361},"size":846.0794067382813,"orthographic":true}