{"cameraMode":{"drawMode":0,"name":"Shaded","section":"Shading Mode"},"sceneLighting":false,"audioPlay":false,"sceneViewState":{"showFog":true,"showMaterialUpdate":false,"showSkybox":false,"showFlares":true,"showImageEffects":true,"showParticleSystems":true},"in2DMode":false,"pivot":{"x":-0.3429218530654907,"y":1.398987889289856,"z":1.345475435256958},"rotation":{"x":0.3050263822078705,"y":0.4713517427444458,"z":-0.17790143191814423,"w":0.8081701993942261},"size":4.675217628479004,"orthographic":false}