{"cameraMode":{"drawMode":0,"name":"Shaded","section":"Shading Mode"},"sceneLighting":false,"audioPlay":false,"sceneViewState":{"showFog":true,"showMaterialUpdate":false,"showSkybox":false,"showFlares":true,"showImageEffects":true,"showParticleSystems":true},"in2DMode":false,"pivot":{"x":0.20999997854232789,"y":0.33205103874206545,"z":0.00005999952554702759},"rotation":{"x":-0.035213835537433627,"y":0.10873629152774811,"z":-0.0036014218349009754,"w":-0.9936126470565796},"size":3.016692876815796,"orthographic":false}