{"cameraMode":{"drawMode":0,"name":"Shaded","section":"Shading Mode"},"sceneLighting":true,"audioPlay":false,"sceneViewState":{"showFog":true,"showMaterialUpdate":false,"showSkybox":false,"showFlares":true,"showImageEffects":true,"showParticleSystems":true},"in2DMode":false,"pivot":{"x":11.960000038146973,"y":4.869999885559082,"z":-2.450000047683716},"rotation":{"x":0.005274900700896978,"y":-0.9033024311065674,"z":0.4290127754211426,"w":0.011082129552960396},"size":22.0,"orthographic":false}