{"cameraMode":{"drawMode":0,"name":"Shaded","section":"Shading Mode"},"sceneLighting":true,"audioPlay":false,"sceneViewState":{"showFog":true,"showMaterialUpdate":false,"showSkybox":true,"showFlares":true,"showImageEffects":true,"showParticleSystems":true},"in2DMode":false,"pivot":{"x":22.244789123535158,"y":11.177530288696289,"z":3.082392930984497},"rotation":{"x":0.04055117070674896,"y":-0.872444748878479,"z":0.07345154136419296,"w":0.48149195313453677},"size":2.973499298095703,"orthographic":false}