{"cameraMode":{"drawMode":0,"name":"Shaded","section":"Shading Mode"},"sceneLighting":true,"audioPlay":false,"sceneViewState":{"showFog":true,"showMaterialUpdate":false,"showSkybox":false,"showFlares":true,"showImageEffects":true,"showParticleSystems":true},"in2DMode":false,"pivot":{"x":14.680000305175782,"y":4.609999656677246,"z":-6.420000076293945},"rotation":{"x":0.11799110472202301,"y":0.869890570640564,"z":-0.25204816460609438,"w":0.40743905305862429},"size":1.7679649591445923,"orthographic":false}