{"cameraMode":{"drawMode":0,"name":"Shaded","section":"Shading Mode"},"sceneLighting":false,"audioPlay":false,"sceneViewState":{"showFog":true,"showMaterialUpdate":false,"showSkybox":false,"showFlares":true,"showImageEffects":true,"showParticleSystems":true},"in2DMode":false,"pivot":{"x":131.47998046875,"y":2.014561653137207,"z":-6.862773418426514},"rotation":{"x":0.3720150887966156,"y":0.3996139168739319,"z":-0.1817731410264969,"w":0.8178463578224182},"size":30.155384063720704,"orthographic":false}