{"cameraMode":{"drawMode":0,"name":"Shaded","section":"Shading Mode"},"sceneLighting":true,"audioPlay":false,"sceneViewState":{"showFog":true,"showMaterialUpdate":false,"showSkybox":true,"showFlares":true,"showImageEffects":true,"showParticleSystems":true},"in2DMode":false,"pivot":{"x":-113.65219116210938,"y":-306.7455139160156,"z":-141.62879943847657},"rotation":{"x":0.005576584488153458,"y":0.8821092844009399,"z":-0.4710729718208313,"w":0.010638615116477013},"size":400.1037292480469,"orthographic":false}