{"cameraMode":{"drawMode":0,"name":"Shaded","section":"Shading Mode"},"sceneLighting":true,"audioPlay":false,"sceneViewState":{"showFog":true,"showMaterialUpdate":false,"showSkybox":false,"showFlares":true,"showImageEffects":true,"showParticleSystems":true},"in2DMode":false,"pivot":{"x":0.8918499946594238,"y":-2.8507089614868166,"z":4.92987060546875},"rotation":{"x":-0.32197514176368716,"y":0.02155713364481926,"z":-0.007344539277255535,"w":-0.946492612361908},"size":28.500242233276368,"orthographic":false}