{"cameraMode":{"drawMode":0,"name":"Shaded","section":"Shading Mode"},"sceneLighting":false,"audioPlay":false,"sceneViewState":{"showFog":true,"showMaterialUpdate":false,"showSkybox":false,"showFlares":true,"showImageEffects":true,"showParticleSystems":true},"in2DMode":false,"pivot":{"x":-4.670000076293945,"y":1.9500000476837159,"z":-4.869999885559082},"rotation":{"x":0.18277908861637116,"y":-0.5770887732505798,"z":0.13446703553199769,"w":0.784576416015625},"size":4.001037120819092,"orthographic":false}