{"cameraMode":{"drawMode":0,"name":"Shaded","section":"Shading Mode"},"sceneLighting":false,"audioPlay":false,"sceneViewState":{"showFog":true,"showMaterialUpdate":false,"showSkybox":false,"showFlares":true,"showImageEffects":true,"showParticleSystems":true},"in2DMode":false,"pivot":{"x":-20.241741180419923,"y":9.58741569519043,"z":20.241741180419923},"rotation":{"x":-0.008598952554166317,"y":0.9463843107223511,"z":-0.3219394385814667,"w":-0.025278029963374139},"size":48.55390548706055,"orthographic":false}