{"cameraMode":{"drawMode":0,"name":"Shaded","section":"Shading Mode"},"sceneLighting":false,"audioPlay":false,"sceneViewState":{"showFog":true,"showMaterialUpdate":false,"showSkybox":false,"showFlares":true,"showImageEffects":true,"showParticleSystems":true},"in2DMode":false,"pivot":{"x":-0.12070614099502564,"y":-6.4440202713012699,"z":0.5447319746017456},"rotation":{"x":0.26528438925743105,"y":0.29887962341308596,"z":-0.08686301112174988,"w":0.9125663638114929},"size":5.535061359405518,"orthographic":false}