{"cameraMode":{"drawMode":0,"name":"Shaded","section":"Shading Mode"},"sceneLighting":false,"audioPlay":false,"sceneViewState":{"showFog":true,"showMaterialUpdate":false,"showSkybox":false,"showFlares":true,"showImageEffects":true,"showParticleSystems":true},"in2DMode":false,"pivot":{"x":-1.9371509552001954e-7,"y":1.6889095306396485,"z":0.08780428022146225},"rotation":{"x":-0.008648977614939213,"y":-0.9757815599441528,"z":0.2150275707244873,"w":-0.03925121948122978},"size":1.2470276355743409,"orthographic":false}