{"cameraMode":{"drawMode":0,"name":"Shaded","section":"Shading Mode"},"sceneLighting":false,"audioPlay":false,"sceneViewState":{"showFog":true,"showMaterialUpdate":false,"showSkybox":false,"showFlares":true,"showImageEffects":true,"showParticleSystems":true},"in2DMode":false,"pivot":{"x":648.919921875,"y":17.422466278076173,"z":475.4098205566406},"rotation":{"x":-0.1126282811164856,"y":0.8375281095504761,"z":-0.18851381540298463,"w":-0.5003499984741211},"size":7.235096454620361,"orthographic":false}