{"cameraMode":{"drawMode":0,"name":"Shaded","section":"Shading Mode"},"sceneLighting":false,"audioPlay":false,"sceneViewState":{"showFog":true,"showMaterialUpdate":false,"showSkybox":false,"showFlares":true,"showImageEffects":true,"showParticleSystems":true},"in2DMode":false,"pivot":{"x":0.8835463523864746,"y":6.488648414611816,"z":1.1047205924987794},"rotation":{"x":-0.30944693088531496,"y":-0.15260623395442964,"z":0.05038516968488693,"w":-0.9372429251670837},"size":31.279605865478517,"orthographic":false}