{"cameraMode":{"drawMode":0,"name":"Shaded","section":"Shading Mode"},"sceneLighting":true,"audioPlay":false,"sceneViewState":{"showFog":true,"showMaterialUpdate":false,"showSkybox":false,"showFlares":true,"showImageEffects":true,"showParticleSystems":true},"in2DMode":false,"pivot":{"x":-0.21000003814697267,"y":2.3500001430511476,"z":0.4099998474121094},"rotation":{"x":0.0006603948422707617,"y":0.9428077936172485,"z":-0.3333972990512848,"w":0.0019243279239162803},"size":40.010372161865237,"orthographic":false}