{"cameraMode":{"drawMode":0,"name":"Shaded","section":"Shading Mode"},"sceneLighting":false,"audioPlay":false,"sceneViewState":{"showFog":true,"showMaterialUpdate":false,"showSkybox":false,"showFlares":true,"showImageEffects":true,"showParticleSystems":true},"in2DMode":false,"pivot":{"x":-99.15306091308594,"y":11.523300170898438,"z":79.68775939941406},"rotation":{"x":0.006046833470463753,"y":-0.9641560912132263,"z":0.2646569013595581,"w":0.021954501047730447},"size":22.89546775817871,"orthographic":false}