{"cameraMode":{"drawMode":0,"name":"Shaded","section":"Shading Mode"},"sceneLighting":false,"audioPlay":false,"sceneViewState":{"showFog":true,"showMaterialUpdate":false,"showSkybox":false,"showFlares":true,"showImageEffects":true,"showParticleSystems":true},"in2DMode":false,"pivot":{"x":529.061279296875,"y":44.25577163696289,"z":1005.0932006835938},"rotation":{"x":-0.044275302439928058,"y":0.9526559114456177,"z":-0.16980960965156556,"w":-0.24834871292114259},"size":160.71566772460938,"orthographic":false}