{"cameraMode":{"drawMode":0,"name":"Shaded","section":"Shading Mode"},"sceneLighting":false,"audioPlay":false,"sceneViewState":{"showFog":true,"showMaterialUpdate":false,"showSkybox":false,"showFlares":true,"showImageEffects":true,"showParticleSystems":true},"in2DMode":false,"pivot":{"x":0.0038086026906967165,"y":0.2648431658744812,"z":0.0020333528518676759},"rotation":{"x":-0.06128450483083725,"y":-0.8921699523925781,"z":0.12745384871959687,"w":-0.428992360830307},"size":1.3015201091766358,"orthographic":false}