{"cameraMode":{"drawMode":0,"name":"Shaded","section":"Shading Mode"},"sceneLighting":false,"audioPlay":false,"sceneViewState":{"showFog":true,"showMaterialUpdate":false,"showSkybox":false,"showFlares":true,"showImageEffects":true,"showParticleSystems":true},"in2DMode":false,"pivot":{"x":-3.5568037033081056,"y":0.2643756866455078,"z":-5.969501495361328},"rotation":{"x":0.26528438925743105,"y":0.29887962341308596,"z":-0.08686301112174988,"w":0.9125663638114929},"size":9.108805656433106,"orthographic":false}