{"cameraMode":{"drawMode":0,"name":"Shaded","section":"Shading Mode"},"sceneLighting":false,"audioPlay":false,"sceneViewState":{"showFog":true,"showMaterialUpdate":false,"showSkybox":false,"showFlares":true,"showImageEffects":true,"showParticleSystems":true},"in2DMode":false,"pivot":{"x":10.202364921569825,"y":0.1479341983795166,"z":-1.0340297222137452},"rotation":{"x":0.15449753403663636,"y":-0.38841256499290469,"z":0.0662335753440857,"w":0.9060251712799072},"size":4.867672443389893,"orthographic":false}