{"cameraMode":{"drawMode":0,"name":"Shaded","section":"Shading Mode"},"sceneLighting":false,"audioPlay":false,"sceneViewState":{"showFog":true,"showMaterialUpdate":false,"showSkybox":false,"showFlares":true,"showImageEffects":true,"showParticleSystems":true},"in2DMode":false,"pivot":{"x":4.079999923706055,"y":12.60000228881836,"z":8.929998397827149},"rotation":{"x":0.21907936036586762,"y":-0.7787465453147888,"z":0.38137999176979067,"w":0.4473591148853302},"size":43.718753814697269,"orthographic":false}