{"cameraMode":{"drawMode":0,"name":"Shaded","section":"Shading Mode"},"sceneLighting":false,"audioPlay":false,"sceneViewState":{"showFog":true,"showMaterialUpdate":false,"showSkybox":false,"showFlares":true,"showImageEffects":true,"showParticleSystems":true},"in2DMode":false,"pivot":{"x":-80.1253662109375,"y":5.35467529296875,"z":47.5947265625},"rotation":{"x":0.009503000415861607,"y":-0.9904971718788147,"z":0.09838074445724487,"w":0.09567676484584809},"size":4.041658401489258,"orthographic":true}