{"cameraMode":{"drawMode":0,"name":"Shaded","section":"Shading Mode"},"sceneLighting":false,"audioPlay":false,"sceneViewState":{"showFog":true,"showMaterialUpdate":false,"showSkybox":false,"showFlares":true,"showImageEffects":true,"showParticleSystems":true},"in2DMode":false,"pivot":{"x":-152.88494873046876,"y":-22.570791244506837,"z":130.9868927001953},"rotation":{"x":0.22059468924999238,"y":-0.1825021207332611,"z":0.042058613151311877,"w":0.9572157859802246},"size":87.43749237060547,"orthographic":false}