{"cameraMode":{"drawMode":0,"name":"Shaded","section":"Shading Mode"},"sceneLighting":false,"audioPlay":false,"sceneViewState":{"showFog":true,"showMaterialUpdate":false,"showSkybox":false,"showFlares":true,"showImageEffects":true,"showParticleSystems":true},"in2DMode":false,"pivot":{"x":-0.5062465667724609,"y":5.890892505645752,"z":4.284815788269043},"rotation":{"x":-0.08674751222133637,"y":-0.5840720534324646,"z":0.06296847760677338,"w":-0.8045978546142578},"size":26.245161056518556,"orthographic":false}