{"cameraMode":{"drawMode":0,"name":"Shaded","section":"Shading Mode"},"sceneLighting":true,"audioPlay":false,"sceneViewState":{"showFog":true,"showMaterialUpdate":false,"showSkybox":false,"showFlares":true,"showImageEffects":true,"showParticleSystems":true},"in2DMode":false,"pivot":{"x":11.960000038146973,"y":5.279999732971191,"z":-2.450000047683716},"rotation":{"x":0.10585656762123108,"y":-0.8877629637718201,"z":0.25519007444381716,"w":0.3683313727378845},"size":2.7562952041625978,"orthographic":false}