{"cameraMode":{"drawMode":0,"name":"Shaded","section":"Shading Mode"},"sceneLighting":false,"audioPlay":false,"sceneViewState":{"showFog":true,"showMaterialUpdate":false,"showSkybox":false,"showFlares":true,"showImageEffects":true,"showParticleSystems":true},"in2DMode":false,"pivot":{"x":-87.76434326171875,"y":11.277298927307129,"z":72.9604721069336},"rotation":{"x":0.06611400842666626,"y":0.8870638608932495,"z":-0.43673989176750185,"w":0.1343509703874588},"size":0.00004857698149862699,"orthographic":false}