{"cameraMode":{"drawMode":0,"name":"Shaded","section":"Shading Mode"},"sceneLighting":false,"audioPlay":false,"sceneViewState":{"showFog":true,"showMaterialUpdate":false,"showSkybox":false,"showFlares":true,"showImageEffects":true,"showParticleSystems":true},"in2DMode":false,"pivot":{"x":22.66845703125,"y":-10.09086799621582,"z":-6.922144889831543},"rotation":{"x":0.2711118459701538,"y":0.6141038537025452,"z":-0.2370426207780838,"w":0.7022912502288818},"size":39.76827621459961,"orthographic":false}