{"cameraMode":{"drawMode":0,"name":"Shaded","section":"Shading Mode"},"sceneLighting":true,"audioPlay":false,"sceneViewState":{"showFog":true,"showMaterialUpdate":false,"showSkybox":false,"showFlares":true,"showImageEffects":true,"showParticleSystems":true},"in2DMode":false,"pivot":{"x":11.960000038146973,"y":4.869999885559082,"z":-2.450000047683716},"rotation":{"x":-0.23719598352909089,"y":-0.7053514719009399,"z":0.27470698952674868,"w":-0.6089931726455689},"size":22.0,"orthographic":false}