{"cameraMode":{"drawMode":0,"name":"Shaded","section":"Shading Mode"},"sceneLighting":true,"audioPlay":false,"sceneViewState":{"showFog":true,"showMaterialUpdate":false,"showSkybox":false,"showFlares":true,"showImageEffects":true,"showParticleSystems":true},"in2DMode":false,"pivot":{"x":-50.36854553222656,"y":-21.06717300415039,"z":4.217353820800781},"rotation":{"x":0.2526036202907562,"y":0.588825523853302,"z":-0.20069825649261475,"w":0.7410940527915955},"size":126.5484619140625,"orthographic":false}