{"cameraMode":{"drawMode":0,"name":"Shaded","section":"Shading Mode"},"sceneLighting":true,"audioPlay":false,"sceneViewState":{"showFog":true,"showMaterialUpdate":false,"showSkybox":true,"showFlares":true,"showImageEffects":true,"showParticleSystems":true},"in2DMode":false,"pivot":{"x":10.335695266723633,"y":-1.308281421661377,"z":2.8642332553863527},"rotation":{"x":-0.44538113474845889,"y":0.21783395111560822,"z":-0.11266936361789704,"w":-0.8610979318618774},"size":5.201483726501465,"orthographic":false}