{"cameraMode":{"drawMode":0,"name":"Shaded","section":"Shading Mode"},"sceneLighting":true,"audioPlay":false,"sceneViewState":{"showFog":true,"showMaterialUpdate":false,"showSkybox":true,"showFlares":true,"showImageEffects":true,"showParticleSystems":true},"in2DMode":false,"pivot":{"x":11.348848342895508,"y":-6.837295055389404,"z":-0.33715301752090456},"rotation":{"x":-0.040028806775808337,"y":-0.8739010691642761,"z":0.47891536355018618,"w":-0.07303884625434876},"size":22.0,"orthographic":false}