{"cameraMode":{"drawMode":0,"name":"Shaded","section":"Shading Mode"},"sceneLighting":true,"audioPlay":false,"sceneViewState":{"showFog":true,"showMaterialUpdate":false,"showSkybox":true,"showFlares":true,"showImageEffects":true,"showParticleSystems":true},"in2DMode":false,"pivot":{"x":2.3515658378601076,"y":-7.16524076461792,"z":8.064447402954102},"rotation":{"x":-0.48489969968795779,"y":-0.054791755974292758,"z":0.030456967651844026,"w":-0.8723202347755432},"size":22.0,"orthographic":false}