{"cameraMode":{"drawMode":0,"name":"Shaded","section":"Shading Mode"},"sceneLighting":true,"audioPlay":false,"sceneViewState":{"showFog":true,"showMaterialUpdate":false,"showSkybox":true,"showFlares":true,"showImageEffects":true,"showParticleSystems":true},"in2DMode":false,"pivot":{"x":3.600996971130371,"y":4.081813335418701,"z":7.361390113830566},"rotation":{"x":0.02423207461833954,"y":-0.9486480951309204,"z":0.30634787678718569,"w":0.07503757625818253},"size":3.672756321293491e-9,"orthographic":false}