{"cameraMode":{"drawMode":0,"name":"Shaded","section":"Shading Mode"},"sceneLighting":false,"audioPlay":false,"sceneViewState":{"showFog":true,"showMaterialUpdate":false,"showSkybox":false,"showFlares":true,"showImageEffects":true,"showParticleSystems":true},"in2DMode":false,"pivot":{"x":-35.68647003173828,"y":-18.563669204711915,"z":3.0362424850463869},"rotation":{"x":-0.18900170922279359,"y":0.6586841344833374,"z":-0.17617066204547883,"w":-0.7066664695739746},"size":44.317909240722659,"orthographic":false}