{"cameraMode":{"drawMode":0,"name":"Shaded","section":"Shading Mode"},"sceneLighting":false,"audioPlay":false,"sceneViewState":{"showFog":true,"showMaterialUpdate":false,"showSkybox":false,"showFlares":true,"showImageEffects":true,"showParticleSystems":true},"in2DMode":false,"pivot":{"x":391.1271667480469,"y":487.1365051269531,"z":9.234258651733399},"rotation":{"x":-0.08122788369655609,"y":-0.015859242528676988,"z":0.0012909352080896497,"w":-0.9965685606002808},"size":305.4252014160156,"orthographic":false}