{"cameraMode":{"drawMode":0,"name":"Shaded","section":"Shading Mode"},"sceneLighting":true,"audioPlay":false,"sceneViewState":{"showFog":true,"showMaterialUpdate":false,"showSkybox":true,"showFlares":true,"showImageEffects":true,"showParticleSystems":true},"in2DMode":false,"pivot":{"x":5.633964538574219,"y":15.76474666595459,"z":16.02324867248535},"rotation":{"x":-0.008486424572765828,"y":-0.9090582728385925,"z":0.416170209646225,"w":-0.01853286288678646},"size":4.041658401489258,"orthographic":false}