{"cameraMode":{"drawMode":0,"name":"Shaded","section":"Shading Mode"},"sceneLighting":true,"audioPlay":false,"sceneViewState":{"showFog":true,"showMaterialUpdate":false,"showSkybox":true,"showFlares":true,"showImageEffects":true,"showParticleSystems":true},"in2DMode":false,"pivot":{"x":10.020359992980957,"y":-9.156662940979004,"z":-5.983340263366699},"rotation":{"x":0.03692477196455002,"y":-0.9092095494270325,"z":0.40638551115989687,"w":0.08261630684137345},"size":18.29937171936035,"orthographic":false}