{"cameraMode":{"drawMode":0,"name":"Shaded","section":"Shading Mode"},"sceneLighting":false,"audioPlay":false,"sceneViewState":{"showFog":true,"showMaterialUpdate":false,"showSkybox":false,"showFlares":true,"showImageEffects":true,"showParticleSystems":true},"in2DMode":false,"pivot":{"x":9.932999610900879,"y":1.315000057220459,"z":1.3960000276565552},"rotation":{"x":-0.01740497350692749,"y":-0.9469155669212341,"z":0.3167676627635956,"w":-0.05202316492795944},"size":22.0,"orthographic":false}