{"cameraMode":{"drawMode":0,"name":"Shaded","section":"Shading Mode"},"sceneLighting":false,"audioPlay":false,"sceneViewState":{"showFog":true,"showMaterialUpdate":false,"showSkybox":false,"showFlares":true,"showImageEffects":true,"showParticleSystems":true},"in2DMode":false,"pivot":{"x":-26.139785766601564,"y":-29.72576141357422,"z":1.3261737823486329},"rotation":{"x":-0.29934507608413699,"y":0.6318239569664002,"z":-0.2892642915248871,"w":-0.6538479924201965},"size":44.317909240722659,"orthographic":false}