{"cameraMode":{"drawMode":0,"name":"Shaded","section":"Shading Mode"},"sceneLighting":true,"audioPlay":false,"sceneViewState":{"showFog":true,"showMaterialUpdate":false,"showSkybox":true,"showFlares":true,"showImageEffects":true,"showParticleSystems":true},"in2DMode":false,"pivot":{"x":-4.403175354003906,"y":-1.065967082977295,"z":-3.355424404144287},"rotation":{"x":0.16436222195625306,"y":-0.8353354334831238,"z":0.3584471642971039,"w":0.3830346167087555},"size":6.010883331298828,"orthographic":false}