{"cameraMode":{"drawMode":0,"name":"Shaded","section":"Shading Mode"},"sceneLighting":false,"audioPlay":false,"sceneViewState":{"showFog":true,"showMaterialUpdate":false,"showSkybox":false,"showFlares":true,"showImageEffects":true,"showParticleSystems":true},"in2DMode":false,"pivot":{"x":-18.631305694580079,"y":-0.7316312789916992,"z":-11.65426254272461},"rotation":{"x":0.10966358333826065,"y":-0.8897807002067566,"z":0.29617762565612795,"w":0.32945871353149416},"size":22.0,"orthographic":false}