{"cameraMode":{"drawMode":0,"name":"Shaded","section":"Shading Mode"},"sceneLighting":true,"audioPlay":false,"sceneViewState":{"showFog":true,"showMaterialUpdate":false,"showSkybox":true,"showFlares":true,"showImageEffects":true,"showParticleSystems":true},"in2DMode":false,"pivot":{"x":11.69787311553955,"y":-10.657364845275879,"z":-10.922933578491211},"rotation":{"x":-0.023313336074352266,"y":-0.9321912527084351,"z":0.3560203015804291,"w":-0.0610378123819828},"size":22.0,"orthographic":false}