{"cameraMode":{"drawMode":0,"name":"Shaded","section":"Shading Mode"},"sceneLighting":false,"audioPlay":false,"sceneViewState":{"showFog":true,"showMaterialUpdate":false,"showSkybox":false,"showFlares":true,"showImageEffects":true,"showParticleSystems":true},"in2DMode":false,"pivot":{"x":-45.76557159423828,"y":-32.72356033325195,"z":1.4900846481323243},"rotation":{"x":0.18729180097579957,"y":-0.6801348328590393,"z":0.18627893924713136,"w":0.6838410496711731},"size":67.5970458984375,"orthographic":false}