{"cameraMode":{"drawMode":0,"name":"Shaded","section":"Shading Mode"},"sceneLighting":false,"audioPlay":false,"sceneViewState":{"showFog":true,"showMaterialUpdate":false,"showSkybox":false,"showFlares":true,"showImageEffects":true,"showParticleSystems":true},"in2DMode":false,"pivot":{"x":129.5882568359375,"y":1.1008981466293336,"z":0.1122058629989624},"rotation":{"x":-0.0023188672494143249,"y":0.8340375423431397,"z":-0.5516931414604187,"w":-0.0035063400864601137},"size":15.825669288635254,"orthographic":false}