{"cameraMode":{"drawMode":0,"name":"Shaded","section":"Shading Mode"},"sceneLighting":false,"audioPlay":false,"sceneViewState":{"showFog":true,"showMaterialUpdate":false,"showSkybox":false,"showFlares":true,"showImageEffects":true,"showParticleSystems":true},"in2DMode":false,"pivot":{"x":0.0391458123922348,"y":0.16938352584838868,"z":9.313225746154785e-9},"rotation":{"x":0.14529983699321748,"y":-0.8509648442268372,"z":0.3110180199146271,"w":0.3976247310638428},"size":1.56740403175354,"orthographic":false}