{"cameraMode":{"drawMode":0,"name":"Shaded","section":"Shading Mode"},"sceneLighting":true,"audioPlay":false,"sceneViewState":{"showFog":true,"showMaterialUpdate":false,"showSkybox":true,"showFlares":true,"showImageEffects":true,"showParticleSystems":true},"in2DMode":false,"pivot":{"x":-42.28434753417969,"y":7.0756378173828129,"z":10.791587829589844},"rotation":{"x":0.08887806534767151,"y":-0.877410352230072,"z":0.43624067306518557,"w":0.17875590920448304},"size":96.73048400878906,"orthographic":false}