{"cameraMode":{"drawMode":0,"name":"Shaded","section":"Shading Mode"},"sceneLighting":false,"audioPlay":false,"sceneViewState":{"showFog":true,"showMaterialUpdate":false,"showSkybox":false,"showFlares":true,"showImageEffects":true,"showParticleSystems":true},"in2DMode":false,"pivot":{"x":0.009681463241577149,"y":0.02110469341278076,"z":-0.3054773807525635},"rotation":{"x":0.10259687900543213,"y":-0.8971610069274902,"z":0.31573277711868288,"w":0.29144716262817385},"size":10.970852851867676,"orthographic":false}