{"cameraMode":{"drawMode":0,"name":"Shaded","section":"Shading Mode"},"sceneLighting":false,"audioPlay":false,"sceneViewState":{"showFog":true,"showMaterialUpdate":false,"showSkybox":false,"showFlares":true,"showImageEffects":true,"showParticleSystems":true},"in2DMode":false,"pivot":{"x":2.8353447914123537,"y":0.36197638511657717,"z":0.2669146656990051},"rotation":{"x":0.09339591860771179,"y":0.8910843133926392,"z":-0.3893076181411743,"w":0.21380546689033509},"size":4.10609769821167,"orthographic":false}