{"cameraMode":{"drawMode":0,"name":"Shaded","section":"Shading Mode"},"sceneLighting":true,"audioPlay":false,"sceneViewState":{"showFog":true,"showMaterialUpdate":false,"showSkybox":true,"showFlares":true,"showImageEffects":true,"showParticleSystems":true},"in2DMode":false,"pivot":{"x":-206.31814575195313,"y":121.97128295898438,"z":227.42898559570313},"rotation":{"x":0.08810721337795258,"y":-0.8907939195632935,"z":0.40036916732788088,"w":0.1960320770740509},"size":345.5721130371094,"orthographic":false}