{"cameraMode":{"drawMode":0,"name":"Shaded","section":"Shading Mode"},"sceneLighting":true,"audioPlay":false,"sceneViewState":{"showFog":true,"showMaterialUpdate":false,"showSkybox":true,"showFlares":true,"showImageEffects":true,"showParticleSystems":true},"in2DMode":false,"pivot":{"x":-21.742881774902345,"y":-26.392803192138673,"z":-19.745296478271486},"rotation":{"x":0.07902293652296066,"y":0.8959734439849854,"z":-0.3994702994823456,"w":0.17723879218101502},"size":89.72521209716797,"orthographic":false}